timestamp	stage	hwnd	class	text
2026-08-21 13:33:43	before	331180	Edit	2199ESB
2026-08-21 13:33:43	before	331196	Edit	1
2026-08-21 13:33:43	before	331198	Edit	High scan 1 Scanned Flash Saving param
2026-08-21 13:33:43	before	331202	Edit	08-D, Bin7, 1920M,CE:1 [A], ID:2C44444BA9
2026-08-21 13:33:43	before	331204	Static	IC Type:
2026-08-21 13:33:43	before	724538	Static	Settings:
2026-08-21 13:33:43	before	724828	Static	Eject Info:
2026-08-21 13:33:43	before	855540	Static	2199EST
2026-08-21 13:33:43	before	1248796	Static	Count:
2026-08-21 13:33:43	before	2231972	Static	Other
2026-08-21 13:33:43	before	1117862	Static	2199S
2026-08-21 13:33:43	before	1377768	Static	2199EB
2026-08-21 13:33:43	before	331178	Static	2199ESB
2026-08-21 13:33:43	before	331186	Static	2199ES
2026-08-21 13:33:43	before	331210	Static	2199EE
2026-08-21 13:33:43	before	1639986	Button	01
2026-08-21 13:33:43	before	331174	msctls_progress32	Progress1
2026-08-21 13:33:43	before	265622	Button	02
2026-08-21 13:33:43	before	265620	msctls_progress32	Bin7, 1920
2026-08-21 13:33:43	before	265618	Edit	Bin7, 1920M(2142M),CE:1 [A]
2026-08-21 13:33:43	before	328820	Edit	ID:2C44444BA9
2026-08-21 13:33:43	before	656708	Edit	MT29F32G08CBABA
2026-08-21 13:33:43	before	459986	msctls_progress32	S
2026-08-21 13:33:43	before	852752	msctls_progress32	Progress1
2026-08-21 13:33:43	before	1115836	Button	03
2026-08-21 13:33:43	before	3081734	msctls_progress32	Bin7, 1920
2026-08-21 13:33:43	before	1574364	Edit	Bin7, 1920M(2087M),CE:1 [A]
2026-08-21 13:33:43	before	459498	Edit	ID:2C44444BA9
2026-08-21 13:33:43	before	393956	Edit	MT29F32G08CBABA
2026-08-21 13:33:43	before	393706	msctls_progress32	S
2026-08-21 13:33:43	before	655624	msctls_progress32	Progress1
2026-08-21 13:33:43	before	459846	Button	04-D
2026-08-21 13:33:43	before	2295858	msctls_progress32	Bin8, 960M
2026-08-21 13:33:43	before	1443440	Edit	Bin8, 960M,CE:1 [A]
2026-08-21 13:33:43	before	394336	Edit	ID:2C68044AA9
2026-08-21 13:33:43	before	524938	Edit	MT29F32G08CBAAA
2026-08-21 13:33:43	before	591486	msctls_progress32	S
2026-08-21 13:33:43	before	1508618	msctls_progress32	Progress1
2026-08-21 13:33:43	before	265630	Button	05
2026-08-21 13:33:43	before	265602	msctls_progress32	Bin7, 1920
2026-08-21 13:33:43	before	265600	Edit	Bin7, 1920M(2144M),CE:1 [A]
2026-08-21 13:33:43	before	265598	Edit	ID:2C44444BA9
2026-08-21 13:33:43	before	265596	Edit	MT29F32G08CBABA
2026-08-21 13:33:43	before	265592	msctls_progress32	S
2026-08-21 13:33:43	before	265590	msctls_progress32	Progress1
2026-08-21 13:33:43	before	265576	Button	06
2026-08-21 13:33:43	before	265574	msctls_progress32	Bin7, 1920
2026-08-21 13:33:43	before	265572	Edit	Bin7, 1920M(2124M),CE:1 [A]
2026-08-21 13:33:43	before	265570	Edit	ID:2C44444BA9
2026-08-21 13:33:43	before	265568	Edit	MT29F32G08CBABA
2026-08-21 13:33:43	before	265564	msctls_progress32	S
2026-08-21 13:33:43	before	265556	msctls_progress32	Progress1
2026-08-21 13:33:43	before	265548	Button	07
2026-08-21 13:33:43	before	265546	msctls_progress32	Bin7, 1920
2026-08-21 13:33:43	before	265544	Edit	Bin7, 1920M(2126M),CE:1 [A]
2026-08-21 13:33:43	before	265542	Edit	ID:2C44444BA9
2026-08-21 13:33:43	before	265518	Edit	MT29F32G08CBABA
2026-08-21 13:33:43	before	265136	msctls_progress32	S
2026-08-21 13:33:43	before	265158	msctls_progress32	Progress1
2026-08-21 13:33:43	before	265150	Button	08
2026-08-21 13:33:43	before	265148	msctls_progress32	Bin7, 1920
2026-08-21 13:33:43	before	265146	Edit	Bin7, 1920M,CE:1 [A]
2026-08-21 13:33:43	before	265122	Edit	ID:2C44444BA9
2026-08-21 13:33:43	before	265162	Edit	MT29F32G08CBABA
2026-08-21 13:33:43	before	265132	msctls_progress32	S
2026-08-21 13:33:43	before	265130	msctls_progress32	Progress1
2026-08-21 13:33:43	before	265100	Button	25
2026-08-21 13:33:43	before	265102	msctls_progress32	Progress1
2026-08-21 13:33:43	before	265114	Button	26
2026-08-21 13:33:43	before	265072	msctls_progress32	Progress1
2026-08-21 13:33:43	before	265062	Button	27
2026-08-21 13:33:43	before	265066	msctls_progress32	Progress1
2026-08-21 13:33:43	before	265036	Button	28
2026-08-21 13:33:43	before	265016	msctls_progress32	Progress1
2026-08-21 13:33:43	before	264804	Button	29
2026-08-21 13:33:43	before	264810	msctls_progress32	Progress1
2026-08-21 13:33:43	before	264800	Button	30
2026-08-21 13:33:43	before	264782	msctls_progress32	Progress1
2026-08-21 13:33:43	before	264748	Button	31
2026-08-21 13:33:43	before	264754	msctls_progress32	Progress1
2026-08-21 13:33:43	before	264740	Button	32
2026-08-21 13:33:43	before	264696	msctls_progress32	Progress1
2026-08-21 13:33:43	before	264712	Button	09
2026-08-21 13:33:43	before	264710	msctls_progress32	Bin7, 1920
2026-08-21 13:33:43	before	264708	Edit	Bin7, 1920M(2109M),CE:1 [A]
2026-08-21 13:33:43	before	264706	Edit	ID:2C44444BA9
2026-08-21 13:33:43	before	264682	Edit	MT29F32G08CBABA
2026-08-21 13:33:43	before	264670	msctls_progress32	S
2026-08-21 13:33:43	before	264692	msctls_progress32	Progress1
2026-08-21 13:33:43	before	264684	Button	10
2026-08-21 13:33:43	before	264664	msctls_progress32	Progress1
2026-08-21 13:33:43	before	264654	Button	11
2026-08-21 13:33:43	before	264674	msctls_progress32	Bin6, 3840
2026-08-21 13:33:43	before	264648	Edit	Bin6, 3840M(4075M),CE:2 [A]
2026-08-21 13:33:43	before	264646	Edit	ID:2C44444BA9
2026-08-21 13:33:43	before	265322	Edit	MT29F32G08CBABA
2026-08-21 13:33:43	before	265320	msctls_progress32	S
2026-08-21 13:33:43	before	265338	msctls_progress32	Progress1
2026-08-21 13:33:43	before	265328	Button	12
2026-08-21 13:33:43	before	265326	msctls_progress32	Bin7, 1920
2026-08-21 13:33:43	before	265324	Edit	Bin7, 1920M(2120M),CE:1 [A]
2026-08-21 13:33:43	before	265294	Edit	ID:2C44444BA9
2026-08-21 13:33:43	before	265316	Edit	MT29F32G08CBABA
2026-08-21 13:33:43	before	265312	msctls_progress32	S
2026-08-21 13:33:43	before	265310	msctls_progress32	Progress1
2026-08-21 13:33:43	before	265300	Button	13
2026-08-21 13:33:43	before	265280	msctls_progress32	Progress1
2026-08-21 13:33:43	before	265270	Button	14
2026-08-21 13:33:43	before	265250	msctls_progress32	Progress1
2026-08-21 13:33:43	before	265216	Button	15
2026-08-21 13:33:43	before	265222	msctls_progress32	Progress1
2026-08-21 13:33:43	before	265234	Button	16
2026-08-21 13:33:43	before	265194	msctls_progress32	Progress1
2026-08-21 13:33:43	before	265180	Button	33
2026-08-21 13:33:43	before	264968	msctls_progress32	Progress1
2026-08-21 13:33:43	before	264976	Button	34
2026-08-21 13:33:43	before	264932	msctls_progress32	Progress1
2026-08-21 13:33:43	before	264948	Button	35
2026-08-21 13:33:43	before	264928	msctls_progress32	Progress1
2026-08-21 13:33:43	before	264918	Button	36
2026-08-21 13:33:43	before	264898	msctls_progress32	Progress1
2026-08-21 13:33:43	before	264912	Button	37
2026-08-21 13:33:43	before	264870	msctls_progress32	Progress1
2026-08-21 13:33:43	before	264860	Button	38
2026-08-21 13:33:43	before	264864	msctls_progress32	Progress1
2026-08-21 13:33:43	before	264830	Button	39
2026-08-21 13:33:43	before	264634	msctls_progress32	Progress1
2026-08-21 13:33:43	before	264626	Button	40
2026-08-21 13:33:43	before	264606	msctls_progress32	Progress1
2026-08-21 13:33:43	before	264550	Button	17
2026-08-21 13:33:43	before	264578	msctls_progress32	Progress1
2026-08-21 13:33:43	before	264564	Button	18
2026-08-21 13:33:43	before	395590	msctls_progress32	Progress1
2026-08-21 13:33:43	before	264536	Button	19
2026-08-21 13:33:43	before	264542	msctls_progress32	Progress1
2026-08-21 13:33:43	before	395572	Button	20
2026-08-21 13:33:43	before	461116	msctls_progress32	Progress1
2026-08-21 13:33:43	before	591808	Button	21
2026-08-21 13:33:43	before	266442	msctls_progress32	Progress1
2026-08-21 13:33:43	before	266434	Button	22
2026-08-21 13:33:43	before	266416	msctls_progress32	Progress1
2026-08-21 13:33:43	before	266428	Button	23
2026-08-21 13:33:43	before	266390	msctls_progress32	Progress1
2026-08-21 13:33:43	before	266380	Button	24
2026-08-21 13:33:43	before	266384	msctls_progress32	Progress1
2026-08-21 13:33:43	before	1246110	Button	41
2026-08-21 13:33:43	before	1049542	msctls_progress32	Progress1
2026-08-21 13:33:43	before	4851236	Button	42
2026-08-21 13:33:43	before	1312224	msctls_progress32	Progress1
2026-08-21 13:33:43	before	197440	Button	43
2026-08-21 13:33:43	before	1181020	msctls_progress32	Progress1
2026-08-21 13:33:43	before	197460	Button	44
2026-08-21 13:33:43	before	1115572	msctls_progress32	Progress1
2026-08-21 13:33:43	before	917624	Button	45
2026-08-21 13:33:43	before	197448	msctls_progress32	Progress1
2026-08-21 13:33:43	before	267298	Button	46
2026-08-21 13:33:43	before	267236	msctls_progress32	Progress1
2026-08-21 13:33:43	before	267308	Button	47
2026-08-21 13:33:43	before	201734	msctls_progress32	Progress1
2026-08-21 13:33:43	before	201708	Button	48
2026-08-21 13:33:43	before	787344	msctls_progress32	Progress1
2026-08-21 13:33:43	before	591194	Button	49
2026-08-21 13:33:43	before	984566	msctls_progress32	Progress1
2026-08-21 13:33:43	before	983920	Button	50
2026-08-21 13:33:43	before	263564	msctls_progress32	Progress1
2026-08-21 13:33:43	before	197232	Button	51
2026-08-21 13:33:43	before	262456	msctls_progress32	Progress1
2026-08-21 13:33:43	before	459040	Button	52
2026-08-21 13:33:43	before	393236	msctls_progress32	Progress1
2026-08-21 13:33:43	before	197230	Button	53
2026-08-21 13:33:43	before	262696	msctls_progress32	Progress1
2026-08-21 13:33:43	before	197224	Button	54
2026-08-21 13:33:43	before	1049546	msctls_progress32	Progress1
2026-08-21 13:33:43	before	196970	Button	55
2026-08-21 13:33:43	before	196934	msctls_progress32	Progress1
2026-08-21 13:33:43	before	462890	Button	56
2026-08-21 13:33:43	before	854204	msctls_progress32	Progress1
2026-08-21 13:33:43	before	3212732	Button	57
2026-08-21 13:33:43	before	266358	msctls_progress32	Progress1
2026-08-21 13:33:43	before	266350	Button	58
2026-08-21 13:33:43	before	266334	msctls_progress32	Progress1
2026-08-21 13:33:43	before	266326	Button	59
2026-08-21 13:33:43	before	266310	msctls_progress32	Progress1
2026-08-21 13:33:43	before	266302	Button	60
2026-08-21 13:33:43	before	197466	msctls_progress32	Progress1
2026-08-21 13:33:43	before	1574700	Button	61
2026-08-21 13:33:43	before	1967504	msctls_progress32	Progress1
2026-08-21 13:33:43	before	1312196	Button	62
2026-08-21 13:33:43	before	263814	msctls_progress32	Progress1
2026-08-21 13:33:43	before	201724	Button	63
2026-08-21 13:33:43	before	201788	msctls_progress32	Progress1
2026-08-21 13:33:43	before	201732	Button	64
2026-08-21 13:33:43	before	201756	msctls_progress32	Progress1
2026-08-21 13:33:43	before	463106	Button	65
2026-08-21 13:33:43	before	201784	msctls_progress32	Progress1
2026-08-21 13:33:43	before	201728	Button	66
2026-08-21 13:33:43	before	656202	msctls_progress32	Progress1
2026-08-21 13:33:43	before	327902	Button	67
2026-08-21 13:33:43	before	328546	msctls_progress32	Progress1
2026-08-21 13:33:43	before	459438	Button	68
2026-08-21 13:33:43	before	656126	msctls_progress32	Progress1
2026-08-21 13:33:43	before	1377814	Button	69
2026-08-21 13:33:43	before	590594	msctls_progress32	Progress1
2026-08-21 13:33:43	before	656392	Button	70
2026-08-21 13:33:43	before	393494	msctls_progress32	Progress1
2026-08-21 13:33:43	before	196836	Button	71
2026-08-21 13:33:43	before	984210	msctls_progress32	Progress1
2026-08-21 13:33:43	before	197856	Button	72
2026-08-21 13:33:43	before	197862	msctls_progress32	Progress1
2026-08-21 13:33:43	before	197852	Button	73
2026-08-21 13:33:43	before	197038	msctls_progress32	Progress1
2026-08-21 13:33:43	before	197028	Button	74
2026-08-21 13:33:43	before	328086	msctls_progress32	Progress1
2026-08-21 13:33:43	before	196990	Button	75
2026-08-21 13:33:43	before	262504	msctls_progress32	Progress1
2026-08-21 13:33:43	before	196952	Button	76
2026-08-21 13:33:43	before	1770968	msctls_progress32	Progress1
2026-08-21 13:33:43	before	1311492	Button	77
2026-08-21 13:33:43	before	197032	msctls_progress32	Progress1
2026-08-21 13:33:43	before	196930	Button	78
2026-08-21 13:33:43	before	2884992	msctls_progress32	Progress1
2026-08-21 13:33:43	before	525328	Button	79
2026-08-21 13:33:43	before	267284	msctls_progress32	Progress1
2026-08-21 13:33:43	before	525942	Button	80
2026-08-21 13:33:43	before	266338	msctls_progress32	Progress1
2026-08-21 13:33:43	before	266372	Button	All &Start
2026-08-21 13:33:43	before	266396	Button	All S&top
2026-08-21 13:33:43	before	266420	Button	Settings(&M)
2026-08-21 13:33:43	before	526552	Button	&Refresh
2026-08-21 13:33:43	before	461008	Button	&Eject
2026-08-21 13:33:43	before	1443772	Button	MP &Log
2026-08-21 13:33:43	before	264540	Button	Default
2026-08-21 13:33:43	before	264590	Button	Auto
2026-08-21 13:33:43	before	264596	Button	Manual
2026-08-21 13:33:43	before	264622	Button	Lock
2026-08-21 13:33:43	before	264824	Button	E2Prom
2026-08-21 13:33:43	before	264850	Button	Chinese
2026-08-21 13:33:43	before	264876	Button	English
2026-08-21 13:33:43	before	264904	Button	Big5
2026-08-21 13:33:43	before	264930	Button	&Exit
2026-08-21 13:33:43	before	264956	Button	Lock Disk
2026-08-21 13:33:43	before	264982	Button	Language
2026-08-21 13:33:43	before	265188	Button	Test
2026-08-21 13:33:43	before	265214	Static	V7200(24-11-20)
2026-08-21 13:33:43	before	265292	Static	Language
2026-08-21 13:33:43	before	264668	Static	Lock Disk
2026-08-21 13:33:43	before	264694	Static	NumberOfPorts
2026-08-21 13:33:43	before	264776	Button	AutoStart
2026-08-21 13:33:43	before	264802	Button	AutoRefresh
2026-08-21 13:33:43	before	0	USB_DISK_INFO	C|LFG118J003676       _00000001.|||NVMe FORESEE P900F128GH|SCSI|SCSI\DISK&VEN_NVME&PROD_FORESEE_P900F128\4&4E4E240&0&030000
2026-08-21 13:33:43	before	0	USB_DISK_INFO	D|2501091337551930693321|||General UDisk USB Device|USB|USBSTOR\DISK&VEN_GENERAL&PROD_UDISK&REV_5.00\2501091337551930693321&0
2026-08-21 13:37:35	before	331180	Edit	2199ESB
2026-08-21 13:37:35	before	331196	Edit	7
2026-08-21 13:37:35	before	331198	Edit	High scan 1 Scanned Flash Saving param
2026-08-21 13:37:35	before	331202	Edit	04-D, Bin8, 960M,CE:1 [A], ID:2C68044AA9
2026-08-21 13:37:35	before	331204	Static	IC Type:
2026-08-21 13:37:35	before	724538	Static	Settings:
2026-08-21 13:37:35	before	724828	Static	Eject Info:
2026-08-21 13:37:35	before	855540	Static	2199EST
2026-08-21 13:37:35	before	1248796	Static	Count:
2026-08-21 13:37:35	before	2231972	Static	Other
2026-08-21 13:37:35	before	1117862	Static	2199S
2026-08-21 13:37:35	before	1377768	Static	2199EB
2026-08-21 13:37:35	before	331178	Static	2199ESB
2026-08-21 13:37:35	before	331186	Static	2199ES
2026-08-21 13:37:35	before	331210	Static	2199EE
2026-08-21 13:37:35	before	1639986	Button	01-H
2026-08-21 13:37:35	before	396688	msctls_progress32	Bin8, 960M
2026-08-21 13:37:35	before	331222	Edit	Bin8, 960M,CE:1 [A]
2026-08-21 13:37:35	before	331224	Edit	ID:2C44444BA9
2026-08-21 13:37:35	before	396678	Edit	MT29F32G08CBABA
2026-08-21 13:37:35	before	331176	msctls_progress32	S
2026-08-21 13:37:35	before	331174	msctls_progress32	Progress1
2026-08-21 13:37:35	before	265622	Button	02-F
2026-08-21 13:37:35	before	265620	msctls_progress32	Bin8, 960M
2026-08-21 13:37:35	before	265618	Edit	Bin8, 960M,CE:1 [A]
2026-08-21 13:37:35	before	328820	Edit	ID:2C44444BA9
2026-08-21 13:37:35	before	656708	Edit	MT29F32G08CBABA
2026-08-21 13:37:35	before	459986	msctls_progress32	S
2026-08-21 13:37:35	before	852752	msctls_progress32	Progress1
2026-08-21 13:37:35	before	1115836	Button	03-E
2026-08-21 13:37:35	before	3081734	msctls_progress32	Bin8, 960M
2026-08-21 13:37:35	before	1574364	Edit	Bin8, 960M,CE:1 [A]
2026-08-21 13:37:35	before	459498	Edit	ID:2C44444BA9
2026-08-21 13:37:35	before	393956	Edit	MT29F32G08CBABA
2026-08-21 13:37:35	before	393706	msctls_progress32	S
2026-08-21 13:37:35	before	655624	msctls_progress32	Progress1
2026-08-21 13:37:35	before	459846	Button	04-D
2026-08-21 13:37:35	before	2295858	msctls_progress32	Bin8, 960M
2026-08-21 13:37:35	before	1443440	Edit	Bin8, 960M,CE:1 [A]
2026-08-21 13:37:35	before	394336	Edit	ID:2C44444BA9
2026-08-21 13:37:35	before	524938	Edit	MT29F32G08CBABA
2026-08-21 13:37:35	before	591486	msctls_progress32	S
2026-08-21 13:37:35	before	1508618	msctls_progress32	Progress1
2026-08-21 13:37:35	before	265630	Button	05-K
2026-08-21 13:37:35	before	265602	msctls_progress32	Bin8, 960M
2026-08-21 13:37:35	before	265600	Edit	Bin8, 960M,CE:1 [A]
2026-08-21 13:37:35	before	265598	Edit	ID:2C44444BA9
2026-08-21 13:37:35	before	265596	Edit	MT29F32G08CBABA
2026-08-21 13:37:35	before	265592	msctls_progress32	S
2026-08-21 13:37:35	before	265590	msctls_progress32	Progress1
2026-08-21 13:37:35	before	265576	Button	06
2026-08-21 13:37:35	before	265574	msctls_progress32	Bin7, 1920
2026-08-21 13:37:35	before	265572	Edit	Bin7, 1920M(2124M),CE:1 [A]
2026-08-21 13:37:35	before	265570	Edit	ID:2C44444BA9
2026-08-21 13:37:35	before	265568	Edit	MT29F32G08CBABA
2026-08-21 13:37:35	before	265564	msctls_progress32	S
2026-08-21 13:37:35	before	265556	msctls_progress32	Progress1
2026-08-21 13:37:35	before	265548	Button	07-J
2026-08-21 13:37:35	before	265546	msctls_progress32	Bin8, 960M
2026-08-21 13:37:35	before	265544	Edit	Bin8, 960M,CE:1 [A]
2026-08-21 13:37:35	before	265542	Edit	ID:2C44444BA9
2026-08-21 13:37:35	before	265518	Edit	MT29F32G08CBABA
2026-08-21 13:37:35	before	265136	msctls_progress32	S
2026-08-21 13:37:35	before	265158	msctls_progress32	Progress1
2026-08-21 13:37:35	before	265150	Button	08-I
2026-08-21 13:37:35	before	265148	msctls_progress32	Bin8, 960M
2026-08-21 13:37:35	before	265146	Edit	Bin8, 960M,CE:1 [A]
2026-08-21 13:37:35	before	265122	Edit	ID:2C44444BA9
2026-08-21 13:37:35	before	265162	Edit	MT29F32G08CBABA
2026-08-21 13:37:35	before	265132	msctls_progress32	S
2026-08-21 13:37:35	before	265130	msctls_progress32	Progress1
2026-08-21 13:37:35	before	265100	Button	25
2026-08-21 13:37:35	before	265102	msctls_progress32	Progress1
2026-08-21 13:37:35	before	265114	Button	26
2026-08-21 13:37:35	before	265072	msctls_progress32	Progress1
2026-08-21 13:37:35	before	265062	Button	27
2026-08-21 13:37:35	before	265066	msctls_progress32	Progress1
2026-08-21 13:37:35	before	265036	Button	28
2026-08-21 13:37:35	before	265016	msctls_progress32	Progress1
2026-08-21 13:37:35	before	264804	Button	29
2026-08-21 13:37:35	before	264810	msctls_progress32	Progress1
2026-08-21 13:37:35	before	264800	Button	30
2026-08-21 13:37:35	before	264782	msctls_progress32	Progress1
2026-08-21 13:37:35	before	264748	Button	31
2026-08-21 13:37:35	before	264754	msctls_progress32	Progress1
2026-08-21 13:37:35	before	264740	Button	32
2026-08-21 13:37:35	before	264696	msctls_progress32	Progress1
2026-08-21 13:37:35	before	264712	Button	09
2026-08-21 13:37:35	before	264710	msctls_progress32	Bin7, 1920
2026-08-21 13:37:35	before	264708	Edit	Bin7, 1920M(2109M),CE:1 [A]
2026-08-21 13:37:35	before	264706	Edit	ID:2C44444BA9
2026-08-21 13:37:35	before	264682	Edit	MT29F32G08CBABA
2026-08-21 13:37:35	before	264670	msctls_progress32	S
2026-08-21 13:37:35	before	264692	msctls_progress32	Progress1
2026-08-21 13:37:35	before	264684	Button	10
2026-08-21 13:37:35	before	264664	msctls_progress32	Progress1
2026-08-21 13:37:35	before	264654	Button	11
2026-08-21 13:37:35	before	264674	msctls_progress32	Bin6, 3840
2026-08-21 13:37:35	before	264648	Edit	Bin6, 3840M(4075M),CE:2 [A]
2026-08-21 13:37:35	before	264646	Edit	ID:2C44444BA9
2026-08-21 13:37:35	before	265322	Edit	MT29F32G08CBABA
2026-08-21 13:37:35	before	265320	msctls_progress32	S
2026-08-21 13:37:35	before	265338	msctls_progress32	Progress1
2026-08-21 13:37:35	before	265328	Button	12
2026-08-21 13:37:35	before	265326	msctls_progress32	Bin7, 1920
2026-08-21 13:37:35	before	265324	Edit	Bin7, 1920M(2120M),CE:1 [A]
2026-08-21 13:37:35	before	265294	Edit	ID:2C44444BA9
2026-08-21 13:37:35	before	265316	Edit	MT29F32G08CBABA
2026-08-21 13:37:35	before	265312	msctls_progress32	S
2026-08-21 13:37:35	before	265310	msctls_progress32	Progress1
2026-08-21 13:37:35	before	265300	Button	13
2026-08-21 13:37:35	before	265280	msctls_progress32	Progress1
2026-08-21 13:37:35	before	265270	Button	14
2026-08-21 13:37:35	before	265250	msctls_progress32	Progress1
2026-08-21 13:37:35	before	265216	Button	15
2026-08-21 13:37:35	before	265222	msctls_progress32	Progress1
2026-08-21 13:37:35	before	265234	Button	16
2026-08-21 13:37:35	before	265194	msctls_progress32	Progress1
2026-08-21 13:37:35	before	265180	Button	33
2026-08-21 13:37:35	before	264968	msctls_progress32	Progress1
2026-08-21 13:37:35	before	264976	Button	34
2026-08-21 13:37:35	before	264932	msctls_progress32	Progress1
2026-08-21 13:37:35	before	264948	Button	35
2026-08-21 13:37:35	before	264928	msctls_progress32	Progress1
2026-08-21 13:37:35	before	264918	Button	36
2026-08-21 13:37:35	before	264898	msctls_progress32	Progress1
2026-08-21 13:37:35	before	264912	Button	37
2026-08-21 13:37:35	before	264870	msctls_progress32	Progress1
2026-08-21 13:37:35	before	264860	Button	38
2026-08-21 13:37:35	before	264864	msctls_progress32	Progress1
2026-08-21 13:37:35	before	264830	Button	39
2026-08-21 13:37:35	before	264634	msctls_progress32	Progress1
2026-08-21 13:37:35	before	264626	Button	40
2026-08-21 13:37:35	before	264606	msctls_progress32	Progress1
2026-08-21 13:37:35	before	264550	Button	17
2026-08-21 13:37:35	before	264578	msctls_progress32	Progress1
2026-08-21 13:37:35	before	264564	Button	18
2026-08-21 13:37:35	before	395590	msctls_progress32	Progress1
2026-08-21 13:37:35	before	264536	Button	19
2026-08-21 13:37:35	before	264542	msctls_progress32	Progress1
2026-08-21 13:37:35	before	395572	Button	20
2026-08-21 13:37:35	before	461116	msctls_progress32	Progress1
2026-08-21 13:37:35	before	591808	Button	21
2026-08-21 13:37:35	before	266442	msctls_progress32	Progress1
2026-08-21 13:37:35	before	266434	Button	22
2026-08-21 13:37:35	before	266416	msctls_progress32	Progress1
2026-08-21 13:37:35	before	266428	Button	23
2026-08-21 13:37:35	before	266390	msctls_progress32	Progress1
2026-08-21 13:37:35	before	266380	Button	24
2026-08-21 13:37:35	before	266384	msctls_progress32	Progress1
2026-08-21 13:37:35	before	1246110	Button	41
2026-08-21 13:37:35	before	1049542	msctls_progress32	Progress1
2026-08-21 13:37:35	before	4851236	Button	42
2026-08-21 13:37:35	before	1312224	msctls_progress32	Progress1
2026-08-21 13:37:35	before	197440	Button	43
2026-08-21 13:37:35	before	1181020	msctls_progress32	Progress1
2026-08-21 13:37:35	before	197460	Button	44
2026-08-21 13:37:35	before	1115572	msctls_progress32	Progress1
2026-08-21 13:37:35	before	917624	Button	45
2026-08-21 13:37:35	before	197448	msctls_progress32	Progress1
2026-08-21 13:37:35	before	267298	Button	46
2026-08-21 13:37:35	before	267236	msctls_progress32	Progress1
2026-08-21 13:37:35	before	267308	Button	47
2026-08-21 13:37:35	before	201734	msctls_progress32	Progress1
2026-08-21 13:37:35	before	201708	Button	48
2026-08-21 13:37:35	before	787344	msctls_progress32	Progress1
2026-08-21 13:37:35	before	591194	Button	49
2026-08-21 13:37:35	before	984566	msctls_progress32	Progress1
2026-08-21 13:37:35	before	983920	Button	50
2026-08-21 13:37:35	before	263564	msctls_progress32	Progress1
2026-08-21 13:37:35	before	197232	Button	51
2026-08-21 13:37:35	before	262456	msctls_progress32	Progress1
2026-08-21 13:37:35	before	459040	Button	52
2026-08-21 13:37:35	before	393236	msctls_progress32	Progress1
2026-08-21 13:37:35	before	197230	Button	53
2026-08-21 13:37:35	before	262696	msctls_progress32	Progress1
2026-08-21 13:37:35	before	197224	Button	54
2026-08-21 13:37:35	before	1049546	msctls_progress32	Progress1
2026-08-21 13:37:35	before	196970	Button	55
2026-08-21 13:37:35	before	196934	msctls_progress32	Progress1
2026-08-21 13:37:35	before	462890	Button	56
2026-08-21 13:37:35	before	854204	msctls_progress32	Progress1
2026-08-21 13:37:35	before	3212732	Button	57
2026-08-21 13:37:35	before	266358	msctls_progress32	Progress1
2026-08-21 13:37:35	before	266350	Button	58
2026-08-21 13:37:35	before	266334	msctls_progress32	Progress1
2026-08-21 13:37:35	before	266326	Button	59
2026-08-21 13:37:35	before	266310	msctls_progress32	Progress1
2026-08-21 13:37:35	before	266302	Button	60
2026-08-21 13:37:35	before	197466	msctls_progress32	Progress1
2026-08-21 13:37:35	before	1574700	Button	61
2026-08-21 13:37:35	before	1967504	msctls_progress32	Progress1
2026-08-21 13:37:35	before	1312196	Button	62
2026-08-21 13:37:35	before	263814	msctls_progress32	Progress1
2026-08-21 13:37:35	before	201724	Button	63
2026-08-21 13:37:35	before	201788	msctls_progress32	Progress1
2026-08-21 13:37:35	before	201732	Button	64
2026-08-21 13:37:35	before	201756	msctls_progress32	Progress1
2026-08-21 13:37:35	before	463106	Button	65
2026-08-21 13:37:35	before	201784	msctls_progress32	Progress1
2026-08-21 13:37:35	before	201728	Button	66
2026-08-21 13:37:35	before	656202	msctls_progress32	Progress1
2026-08-21 13:37:35	before	327902	Button	67
2026-08-21 13:37:35	before	328546	msctls_progress32	Progress1
2026-08-21 13:37:35	before	459438	Button	68
2026-08-21 13:37:35	before	656126	msctls_progress32	Progress1
2026-08-21 13:37:35	before	1377814	Button	69
2026-08-21 13:37:35	before	590594	msctls_progress32	Progress1
2026-08-21 13:37:35	before	656392	Button	70
2026-08-21 13:37:35	before	393494	msctls_progress32	Progress1
2026-08-21 13:37:35	before	196836	Button	71
2026-08-21 13:37:35	before	984210	msctls_progress32	Progress1
2026-08-21 13:37:35	before	197856	Button	72
2026-08-21 13:37:35	before	197862	msctls_progress32	Progress1
2026-08-21 13:37:35	before	197852	Button	73
2026-08-21 13:37:35	before	197038	msctls_progress32	Progress1
2026-08-21 13:37:35	before	197028	Button	74
2026-08-21 13:37:35	before	328086	msctls_progress32	Progress1
2026-08-21 13:37:35	before	196990	Button	75
2026-08-21 13:37:35	before	262504	msctls_progress32	Progress1
2026-08-21 13:37:35	before	196952	Button	76
2026-08-21 13:37:35	before	1770968	msctls_progress32	Progress1
2026-08-21 13:37:35	before	1311492	Button	77
2026-08-21 13:37:35	before	197032	msctls_progress32	Progress1
2026-08-21 13:37:35	before	196930	Button	78
2026-08-21 13:37:35	before	2884992	msctls_progress32	Progress1
2026-08-21 13:37:35	before	525328	Button	79
2026-08-21 13:37:35	before	267284	msctls_progress32	Progress1
2026-08-21 13:37:35	before	525942	Button	80
2026-08-21 13:37:35	before	266338	msctls_progress32	Progress1
2026-08-21 13:37:35	before	266372	Button	All &Start
2026-08-21 13:37:35	before	266396	Button	All S&top
2026-08-21 13:37:35	before	266420	Button	Settings(&M)
2026-08-21 13:37:35	before	526552	Button	&Refresh
2026-08-21 13:37:35	before	461008	Button	&Eject
2026-08-21 13:37:35	before	1443772	Button	MP &Log
2026-08-21 13:37:35	before	264540	Button	Default
2026-08-21 13:37:35	before	264590	Button	Auto
2026-08-21 13:37:35	before	264596	Button	Manual
2026-08-21 13:37:35	before	264622	Button	Lock
2026-08-21 13:37:35	before	264824	Button	E2Prom
2026-08-21 13:37:35	before	264850	Button	Chinese
2026-08-21 13:37:35	before	264876	Button	English
2026-08-21 13:37:35	before	264904	Button	Big5
2026-08-21 13:37:35	before	264930	Button	&Exit
2026-08-21 13:37:35	before	264956	Button	Lock Disk
2026-08-21 13:37:35	before	264982	Button	Language
2026-08-21 13:37:35	before	265188	Button	Test
2026-08-21 13:37:35	before	265214	Static	V7200(24-11-20)
2026-08-21 13:37:35	before	265292	Static	Language
2026-08-21 13:37:35	before	264668	Static	Lock Disk
2026-08-21 13:37:35	before	264694	Static	NumberOfPorts
2026-08-21 13:37:35	before	264776	Button	AutoStart
2026-08-21 13:37:35	before	264802	Button	AutoRefresh
2026-08-21 13:37:35	before	0	USB_DISK_INFO	||||ChipsBnk Flash Disk USB Device|USB|USBSTOR\DISK&VEN_CHIPSBNK&PROD_FLASH_DISK&REV_5.00\6&13769F30&0
2026-08-21 13:37:35	before	0	USB_DISK_INFO	C|LFG118J003676       _00000001.|||NVMe FORESEE P900F128GH|SCSI|SCSI\DISK&VEN_NVME&PROD_FORESEE_P900F128\4&4E4E240&0&030000
2026-08-21 13:37:35	before	0	USB_DISK_INFO	||||ChipsBnk Flash Disk USB Device|USB|USBSTOR\DISK&VEN_CHIPSBNK&PROD_FLASH_DISK&REV_5.00\8&23EB3B77&0
2026-08-21 13:37:35	before	0	USB_DISK_INFO	||||ChipsBnk Flash Disk USB Device|USB|USBSTOR\DISK&VEN_CHIPSBNK&PROD_FLASH_DISK&REV_5.00\8&149E000B&0
2026-08-21 13:37:35	before	0	USB_DISK_INFO	||||ChipsBnk Flash Disk USB Device|USB|USBSTOR\DISK&VEN_CHIPSBNK&PROD_FLASH_DISK&REV_5.00\8&2333503B&0
2026-08-21 13:37:35	before	0	USB_DISK_INFO	||||ChipsBnk Flash Disk USB Device|USB|USBSTOR\DISK&VEN_CHIPSBNK&PROD_FLASH_DISK&REV_5.00\8&533827E&0
2026-08-21 13:37:35	before	0	USB_DISK_INFO	||||ChipsBnk Flash Disk USB Device|USB|USBSTOR\DISK&VEN_CHIPSBNK&PROD_FLASH_DISK&REV_5.00\8&336F8339&0
2026-08-21 13:37:35	before	0	USB_DISK_INFO	||||ChipsBnk Flash Disk USB Device|USB|USBSTOR\DISK&VEN_CHIPSBNK&PROD_FLASH_DISK&REV_5.00\8&F231167&0
2026-08-21 13:39:00	after	331180	Edit	2199ESB
2026-08-21 13:39:00	after	331196	Edit	7
2026-08-21 13:39:00	after	331198	Edit	High scan 1 Scanned Flash Saving param
2026-08-21 13:39:00	after	331202	Edit	04-D, Bin8, 960M,CE:1 [A], ID:2C68044AA9
2026-08-21 13:39:00	after	331204	Static	IC Type:
2026-08-21 13:39:00	after	724538	Static	Settings:
2026-08-21 13:39:00	after	724828	Static	Eject Info:
2026-08-21 13:39:00	after	855540	Static	2199EST
2026-08-21 13:39:00	after	1248796	Static	Count:
2026-08-21 13:39:00	after	2231972	Static	Other
2026-08-21 13:39:00	after	1117862	Static	2199S
2026-08-21 13:39:00	after	1377768	Static	2199EB
2026-08-21 13:39:00	after	331178	Static	2199ESB
2026-08-21 13:39:00	after	331186	Static	2199ES
2026-08-21 13:39:00	after	331210	Static	2199EE
2026-08-21 13:39:00	after	1639986	Button	01-H | 0:0:23
2026-08-21 13:39:00	after	396688	msctls_progress32	Bin7, 1920
2026-08-21 13:39:00	after	331222	Edit	Bin7, 1920M(2093M),CE:1 [A]
2026-08-21 13:39:00	after	331224	Edit	ID:2C44444BA9
2026-08-21 13:39:00	after	396678	Edit	MT29F32G08CBABA
2026-08-21 13:39:00	after	331176	msctls_progress32	S
2026-08-21 13:39:00	after	331174	msctls_progress32	Progress1
2026-08-21 13:39:00	after	265622	Button	02-F | 0:0:24
2026-08-21 13:39:00	after	265620	msctls_progress32	Bin7, 1920
2026-08-21 13:39:00	after	265618	Edit	Bin7, 1920M(2118M),CE:1 [A]
2026-08-21 13:39:00	after	328820	Edit	ID:2C44444BA9
2026-08-21 13:39:00	after	656708	Edit	MT29F32G08CBABA
2026-08-21 13:39:00	after	459986	msctls_progress32	S
2026-08-21 13:39:00	after	852752	msctls_progress32	Progress1
2026-08-21 13:39:00	after	1115836	Button	03-E | 0:0:24
2026-08-21 13:39:00	after	3081734	msctls_progress32	Bin7, 1920
2026-08-21 13:39:00	after	1574364	Edit	Bin7, 1920M(2147M),CE:1 [A]
2026-08-21 13:39:00	after	459498	Edit	ID:2C44444BA9
2026-08-21 13:39:00	after	393956	Edit	MT29F32G08CBABA
2026-08-21 13:39:00	after	393706	msctls_progress32	S
2026-08-21 13:39:00	after	655624	msctls_progress32	Progress1
2026-08-21 13:39:00	after	459846	Button	04-D | 0:0:23
2026-08-21 13:39:00	after	2295858	msctls_progress32	Bin7, 1920
2026-08-21 13:39:00	after	1443440	Edit	Bin7, 1920M(1944M),CE:1 [A]
2026-08-21 13:39:00	after	394336	Edit	ID:2C44444BA9
2026-08-21 13:39:00	after	524938	Edit	MT29F32G08CBABA
2026-08-21 13:39:00	after	591486	msctls_progress32	S
2026-08-21 13:39:00	after	1508618	msctls_progress32	Progress1
2026-08-21 13:39:00	after	265630	Button	05-K | 0:0:23
2026-08-21 13:39:00	after	265602	msctls_progress32	Bin7, 1920
2026-08-21 13:39:00	after	265600	Edit	Bin7, 1920M(2140M),CE:1 [A]
2026-08-21 13:39:00	after	265598	Edit	ID:2C44444BA9
2026-08-21 13:39:00	after	265596	Edit	MT29F32G08CBABA
2026-08-21 13:39:00	after	265592	msctls_progress32	S
2026-08-21 13:39:00	after	265590	msctls_progress32	Progress1
2026-08-21 13:39:00	after	265576	Button	06
2026-08-21 13:39:00	after	265574	msctls_progress32	Bin7, 1920
2026-08-21 13:39:00	after	265572	Edit	Bin7, 1920M(2124M),CE:1 [A]
2026-08-21 13:39:00	after	265570	Edit	ID:2C44444BA9
2026-08-21 13:39:00	after	265568	Edit	MT29F32G08CBABA
2026-08-21 13:39:00	after	265564	msctls_progress32	S
2026-08-21 13:39:00	after	265556	msctls_progress32	Progress1
2026-08-21 13:39:00	after	265548	Button	07-J | 0:0:24
2026-08-21 13:39:00	after	265546	msctls_progress32	Bin7, 1920
2026-08-21 13:39:00	after	265544	Edit	Bin7, 1920M(2138M),CE:1 [A]
2026-08-21 13:39:00	after	265542	Edit	ID:2C44444BA9
2026-08-21 13:39:00	after	265518	Edit	MT29F32G08CBABA
2026-08-21 13:39:00	after	265136	msctls_progress32	S
2026-08-21 13:39:00	after	265158	msctls_progress32	Progress1
2026-08-21 13:39:00	after	265150	Button	08-I | 0:0:23
2026-08-21 13:39:00	after	265148	msctls_progress32	Bin7, 1920
2026-08-21 13:39:00	after	265146	Edit	Bin7, 1920M(2149M),CE:1 [A]
2026-08-21 13:39:00	after	265122	Edit	ID:2C44444BA9
2026-08-21 13:39:00	after	265162	Edit	MT29F32G08CBABA
2026-08-21 13:39:00	after	265132	msctls_progress32	S
2026-08-21 13:39:00	after	265130	msctls_progress32	Progress1
2026-08-21 13:39:00	after	265100	Button	25
2026-08-21 13:39:00	after	265102	msctls_progress32	Progress1
2026-08-21 13:39:00	after	265114	Button	26
2026-08-21 13:39:00	after	265072	msctls_progress32	Progress1
2026-08-21 13:39:00	after	265062	Button	27
2026-08-21 13:39:00	after	265066	msctls_progress32	Progress1
2026-08-21 13:39:00	after	265036	Button	28
2026-08-21 13:39:00	after	265016	msctls_progress32	Progress1
2026-08-21 13:39:00	after	264804	Button	29
2026-08-21 13:39:00	after	264810	msctls_progress32	Progress1
2026-08-21 13:39:00	after	264800	Button	30
2026-08-21 13:39:00	after	264782	msctls_progress32	Progress1
2026-08-21 13:39:00	after	264748	Button	31
2026-08-21 13:39:00	after	264754	msctls_progress32	Progress1
2026-08-21 13:39:00	after	264740	Button	32
2026-08-21 13:39:00	after	264696	msctls_progress32	Progress1
2026-08-21 13:39:00	after	264712	Button	09
2026-08-21 13:39:00	after	264710	msctls_progress32	Bin7, 1920
2026-08-21 13:39:00	after	264708	Edit	Bin7, 1920M(2109M),CE:1 [A]
2026-08-21 13:39:00	after	264706	Edit	ID:2C44444BA9
2026-08-21 13:39:00	after	264682	Edit	MT29F32G08CBABA
2026-08-21 13:39:00	after	264670	msctls_progress32	S
2026-08-21 13:39:00	after	264692	msctls_progress32	Progress1
2026-08-21 13:39:00	after	264684	Button	10
2026-08-21 13:39:00	after	264664	msctls_progress32	Progress1
2026-08-21 13:39:00	after	264654	Button	11
2026-08-21 13:39:00	after	264674	msctls_progress32	Bin6, 3840
2026-08-21 13:39:00	after	264648	Edit	Bin6, 3840M(4075M),CE:2 [A]
2026-08-21 13:39:00	after	264646	Edit	ID:2C44444BA9
2026-08-21 13:39:00	after	265322	Edit	MT29F32G08CBABA
2026-08-21 13:39:00	after	265320	msctls_progress32	S
2026-08-21 13:39:00	after	265338	msctls_progress32	Progress1
2026-08-21 13:39:00	after	265328	Button	12
2026-08-21 13:39:00	after	265326	msctls_progress32	Bin7, 1920
2026-08-21 13:39:00	after	265324	Edit	Bin7, 1920M(2120M),CE:1 [A]
2026-08-21 13:39:00	after	265294	Edit	ID:2C44444BA9
2026-08-21 13:39:00	after	265316	Edit	MT29F32G08CBABA
2026-08-21 13:39:00	after	265312	msctls_progress32	S
2026-08-21 13:39:00	after	265310	msctls_progress32	Progress1
2026-08-21 13:39:00	after	265300	Button	13
2026-08-21 13:39:00	after	265280	msctls_progress32	Progress1
2026-08-21 13:39:00	after	265270	Button	14
2026-08-21 13:39:00	after	265250	msctls_progress32	Progress1
2026-08-21 13:39:00	after	265216	Button	15
2026-08-21 13:39:00	after	265222	msctls_progress32	Progress1
2026-08-21 13:39:00	after	265234	Button	16
2026-08-21 13:39:00	after	265194	msctls_progress32	Progress1
2026-08-21 13:39:00	after	265180	Button	33
2026-08-21 13:39:00	after	264968	msctls_progress32	Progress1
2026-08-21 13:39:00	after	264976	Button	34
2026-08-21 13:39:00	after	264932	msctls_progress32	Progress1
2026-08-21 13:39:00	after	264948	Button	35
2026-08-21 13:39:00	after	264928	msctls_progress32	Progress1
2026-08-21 13:39:00	after	264918	Button	36
2026-08-21 13:39:00	after	264898	msctls_progress32	Progress1
2026-08-21 13:39:00	after	264912	Button	37
2026-08-21 13:39:00	after	264870	msctls_progress32	Progress1
2026-08-21 13:39:00	after	264860	Button	38
2026-08-21 13:39:00	after	264864	msctls_progress32	Progress1
2026-08-21 13:39:00	after	264830	Button	39
2026-08-21 13:39:00	after	264634	msctls_progress32	Progress1
2026-08-21 13:39:00	after	264626	Button	40
2026-08-21 13:39:00	after	264606	msctls_progress32	Progress1
2026-08-21 13:39:00	after	264550	Button	17
2026-08-21 13:39:00	after	264578	msctls_progress32	Progress1
2026-08-21 13:39:00	after	264564	Button	18
2026-08-21 13:39:00	after	395590	msctls_progress32	Progress1
2026-08-21 13:39:00	after	264536	Button	19
2026-08-21 13:39:00	after	264542	msctls_progress32	Progress1
2026-08-21 13:39:00	after	395572	Button	20
2026-08-21 13:39:00	after	461116	msctls_progress32	Progress1
2026-08-21 13:39:00	after	591808	Button	21
2026-08-21 13:39:00	after	266442	msctls_progress32	Progress1
2026-08-21 13:39:00	after	266434	Button	22
2026-08-21 13:39:00	after	266416	msctls_progress32	Progress1
2026-08-21 13:39:00	after	266428	Button	23
2026-08-21 13:39:00	after	266390	msctls_progress32	Progress1
2026-08-21 13:39:00	after	266380	Button	24
2026-08-21 13:39:00	after	266384	msctls_progress32	Progress1
2026-08-21 13:39:00	after	1246110	Button	41
2026-08-21 13:39:00	after	1049542	msctls_progress32	Progress1
2026-08-21 13:39:00	after	4851236	Button	42
2026-08-21 13:39:00	after	1312224	msctls_progress32	Progress1
2026-08-21 13:39:00	after	197440	Button	43
2026-08-21 13:39:00	after	1181020	msctls_progress32	Progress1
2026-08-21 13:39:00	after	197460	Button	44
2026-08-21 13:39:00	after	1115572	msctls_progress32	Progress1
2026-08-21 13:39:00	after	917624	Button	45
2026-08-21 13:39:00	after	197448	msctls_progress32	Progress1
2026-08-21 13:39:00	after	267298	Button	46
2026-08-21 13:39:00	after	267236	msctls_progress32	Progress1
2026-08-21 13:39:00	after	267308	Button	47
2026-08-21 13:39:00	after	201734	msctls_progress32	Progress1
2026-08-21 13:39:00	after	201708	Button	48
2026-08-21 13:39:00	after	787344	msctls_progress32	Progress1
2026-08-21 13:39:00	after	591194	Button	49
2026-08-21 13:39:00	after	984566	msctls_progress32	Progress1
2026-08-21 13:39:00	after	983920	Button	50
2026-08-21 13:39:00	after	263564	msctls_progress32	Progress1
2026-08-21 13:39:00	after	197232	Button	51
2026-08-21 13:39:00	after	262456	msctls_progress32	Progress1
2026-08-21 13:39:00	after	459040	Button	52
2026-08-21 13:39:00	after	393236	msctls_progress32	Progress1
2026-08-21 13:39:00	after	197230	Button	53
2026-08-21 13:39:00	after	262696	msctls_progress32	Progress1
2026-08-21 13:39:00	after	197224	Button	54
2026-08-21 13:39:00	after	1049546	msctls_progress32	Progress1
2026-08-21 13:39:00	after	196970	Button	55
2026-08-21 13:39:00	after	196934	msctls_progress32	Progress1
2026-08-21 13:39:00	after	462890	Button	56
2026-08-21 13:39:00	after	854204	msctls_progress32	Progress1
2026-08-21 13:39:00	after	3212732	Button	57
2026-08-21 13:39:00	after	266358	msctls_progress32	Progress1
2026-08-21 13:39:00	after	266350	Button	58
2026-08-21 13:39:00	after	266334	msctls_progress32	Progress1
2026-08-21 13:39:00	after	266326	Button	59
2026-08-21 13:39:00	after	266310	msctls_progress32	Progress1
2026-08-21 13:39:00	after	266302	Button	60
2026-08-21 13:39:00	after	197466	msctls_progress32	Progress1
2026-08-21 13:39:00	after	1574700	Button	61
2026-08-21 13:39:00	after	1967504	msctls_progress32	Progress1
2026-08-21 13:39:00	after	1312196	Button	62
2026-08-21 13:39:00	after	263814	msctls_progress32	Progress1
2026-08-21 13:39:00	after	201724	Button	63
2026-08-21 13:39:00	after	201788	msctls_progress32	Progress1
2026-08-21 13:39:00	after	201732	Button	64
2026-08-21 13:39:00	after	201756	msctls_progress32	Progress1
2026-08-21 13:39:00	after	463106	Button	65
2026-08-21 13:39:00	after	201784	msctls_progress32	Progress1
2026-08-21 13:39:00	after	201728	Button	66
2026-08-21 13:39:00	after	656202	msctls_progress32	Progress1
2026-08-21 13:39:00	after	327902	Button	67
2026-08-21 13:39:00	after	328546	msctls_progress32	Progress1
2026-08-21 13:39:00	after	459438	Button	68
2026-08-21 13:39:00	after	656126	msctls_progress32	Progress1
2026-08-21 13:39:00	after	1377814	Button	69
2026-08-21 13:39:00	after	590594	msctls_progress32	Progress1
2026-08-21 13:39:00	after	656392	Button	70
2026-08-21 13:39:00	after	393494	msctls_progress32	Progress1
2026-08-21 13:39:00	after	196836	Button	71
2026-08-21 13:39:00	after	984210	msctls_progress32	Progress1
2026-08-21 13:39:00	after	197856	Button	72
2026-08-21 13:39:00	after	197862	msctls_progress32	Progress1
2026-08-21 13:39:00	after	197852	Button	73
2026-08-21 13:39:00	after	197038	msctls_progress32	Progress1
2026-08-21 13:39:00	after	197028	Button	74
2026-08-21 13:39:00	after	328086	msctls_progress32	Progress1
2026-08-21 13:39:00	after	196990	Button	75
2026-08-21 13:39:00	after	262504	msctls_progress32	Progress1
2026-08-21 13:39:00	after	196952	Button	76
2026-08-21 13:39:00	after	1770968	msctls_progress32	Progress1
2026-08-21 13:39:00	after	1311492	Button	77
2026-08-21 13:39:00	after	197032	msctls_progress32	Progress1
2026-08-21 13:39:00	after	196930	Button	78
2026-08-21 13:39:00	after	2884992	msctls_progress32	Progress1
2026-08-21 13:39:00	after	525328	Button	79
2026-08-21 13:39:00	after	267284	msctls_progress32	Progress1
2026-08-21 13:39:00	after	525942	Button	80
2026-08-21 13:39:00	after	266338	msctls_progress32	Progress1
2026-08-21 13:39:00	after	266372	Button	All &Start
2026-08-21 13:39:00	after	266396	Button	All S&top
2026-08-21 13:39:00	after	266420	Button	Settings(&M)
2026-08-21 13:39:00	after	526552	Button	&Refresh
2026-08-21 13:39:00	after	461008	Button	&Eject
2026-08-21 13:39:00	after	1443772	Button	MP &Log
2026-08-21 13:39:00	after	264540	Button	Default
2026-08-21 13:39:00	after	264590	Button	Auto
2026-08-21 13:39:00	after	264596	Button	Manual
2026-08-21 13:39:00	after	264622	Button	Lock
2026-08-21 13:39:00	after	264824	Button	E2Prom
2026-08-21 13:39:00	after	264850	Button	Chinese
2026-08-21 13:39:00	after	264876	Button	English
2026-08-21 13:39:00	after	264904	Button	Big5
2026-08-21 13:39:00	after	264930	Button	&Exit
2026-08-21 13:39:00	after	264956	Button	Lock Disk
2026-08-21 13:39:00	after	264982	Button	Language
2026-08-21 13:39:00	after	265188	Button	Test
2026-08-21 13:39:00	after	265214	Static	V7200(24-11-20)
2026-08-21 13:39:00	after	265292	Static	Language
2026-08-21 13:39:00	after	264668	Static	Lock Disk
2026-08-21 13:39:00	after	264694	Static	NumberOfPorts
2026-08-21 13:39:00	after	264776	Button	AutoStart
2026-08-21 13:39:00	after	264802	Button	AutoRefresh
2026-08-21 13:39:00	after	0	USB_DISK_INFO	D||||ChipsBnk Flash Disk USB Device|USB|USBSTOR\DISK&VEN_CHIPSBNK&PROD_FLASH_DISK&REV_5.00\6&13769F30&0
2026-08-21 13:39:00	after	0	USB_DISK_INFO	C|LFG118J003676       _00000001.|||NVMe FORESEE P900F128GH|SCSI|SCSI\DISK&VEN_NVME&PROD_FORESEE_P900F128\4&4E4E240&0&030000
2026-08-21 13:39:00	after	0	USB_DISK_INFO	E||||ChipsBnk Flash Disk USB Device|USB|USBSTOR\DISK&VEN_CHIPSBNK&PROD_FLASH_DISK&REV_5.00\8&23EB3B77&0
2026-08-21 13:39:00	after	0	USB_DISK_INFO	F||||ChipsBnk Flash Disk USB Device|USB|USBSTOR\DISK&VEN_CHIPSBNK&PROD_FLASH_DISK&REV_5.00\8&149E000B&0
2026-08-21 13:39:00	after	0	USB_DISK_INFO	H||||ChipsBnk Flash Disk USB Device|USB|USBSTOR\DISK&VEN_CHIPSBNK&PROD_FLASH_DISK&REV_5.00\8&2333503B&0
2026-08-21 13:39:00	after	0	USB_DISK_INFO	I||||ChipsBnk Flash Disk USB Device|USB|USBSTOR\DISK&VEN_CHIPSBNK&PROD_FLASH_DISK&REV_5.00\8&533827E&0
2026-08-21 13:39:00	after	0	USB_DISK_INFO	J||||ChipsBnk Flash Disk USB Device|USB|USBSTOR\DISK&VEN_CHIPSBNK&PROD_FLASH_DISK&REV_5.00\8&336F8339&0
2026-08-21 13:39:00	after	0	USB_DISK_INFO	K||||ChipsBnk Flash Disk USB Device|USB|USBSTOR\DISK&VEN_CHIPSBNK&PROD_FLASH_DISK&REV_5.00\8&F231167&0
2026-08-21 13:44:32	before	331180	Edit	2199ESB
2026-08-21 13:44:32	before	331196	Edit	3
2026-08-21 13:44:32	before	331198	Edit	High scan 1 Scanned Flash Saving param
2026-08-21 13:44:32	before	331202	Edit	07-J, Bin7, 1920M(2138M),CE:1 [A], ID:2C44444BA9
2026-08-21 13:44:32	before	331204	Static	IC Type:
2026-08-21 13:44:32	before	724538	Static	Settings:
2026-08-21 13:44:32	before	724828	Static	Eject Info:
2026-08-21 13:44:32	before	855540	Static	2199EST
2026-08-21 13:44:32	before	1248796	Static	Count:
2026-08-21 13:44:32	before	2231972	Static	Other
2026-08-21 13:44:32	before	1117862	Static	2199S
2026-08-21 13:44:32	before	1377768	Static	2199EB
2026-08-21 13:44:32	before	331178	Static	2199ESB
2026-08-21 13:44:32	before	331186	Static	2199ES
2026-08-21 13:44:32	before	331210	Static	2199EE
2026-08-21 13:44:32	before	1639986	Button	01
2026-08-21 13:44:32	before	396688	msctls_progress32	Bin7, 1920
2026-08-21 13:44:32	before	331222	Edit	Bin7, 1920M(2093M),CE:1 [A]
2026-08-21 13:44:32	before	331224	Edit	ID:2C44444BA9
2026-08-21 13:44:32	before	396678	Edit	MT29F32G08CBABA
2026-08-21 13:44:32	before	331176	msctls_progress32	S
2026-08-21 13:44:32	before	331174	msctls_progress32	Progress1
2026-08-21 13:44:32	before	265622	Button	02-F
2026-08-21 13:44:32	before	265620	msctls_progress32	Bin8, 960M
2026-08-21 13:44:32	before	265618	Edit	Bin8, 960M,CE:1 [A]
2026-08-21 13:44:32	before	328820	Edit	ID:2C44444BA9
2026-08-21 13:44:32	before	656708	Edit	MT29F32G08CBABA
2026-08-21 13:44:32	before	459986	msctls_progress32	S
2026-08-21 13:44:32	before	852752	msctls_progress32	Progress1
2026-08-21 13:44:32	before	1115836	Button	03-E
2026-08-21 13:44:32	before	3081734	msctls_progress32	Bin8, 960M
2026-08-21 13:44:32	before	1574364	Edit	Bin8, 960M,CE:1 [A]
2026-08-21 13:44:32	before	459498	Edit	ID:2C44444BA9
2026-08-21 13:44:32	before	393956	Edit	MT29F32G08CBABA
2026-08-21 13:44:32	before	393706	msctls_progress32	S
2026-08-21 13:44:32	before	655624	msctls_progress32	Progress1
2026-08-21 13:44:32	before	459846	Button	04-D
2026-08-21 13:44:32	before	2295858	msctls_progress32	Bin8, 960M
2026-08-21 13:44:32	before	1443440	Edit	Bin8, 960M,CE:1 [A]
2026-08-21 13:44:32	before	394336	Edit	ID:2C44444BA9
2026-08-21 13:44:32	before	524938	Edit	MT29F32G08CBABA
2026-08-21 13:44:32	before	591486	msctls_progress32	S
2026-08-21 13:44:32	before	1508618	msctls_progress32	Progress1
2026-08-21 13:44:32	before	265630	Button	05
2026-08-21 13:44:32	before	265602	msctls_progress32	Bin7, 1920
2026-08-21 13:44:32	before	265600	Edit	Bin7, 1920M(2140M),CE:1 [A]
2026-08-21 13:44:32	before	265598	Edit	ID:2C44444BA9
2026-08-21 13:44:32	before	265596	Edit	MT29F32G08CBABA
2026-08-21 13:44:32	before	265592	msctls_progress32	S
2026-08-21 13:44:32	before	265590	msctls_progress32	Progress1
2026-08-21 13:44:32	before	265576	Button	06
2026-08-21 13:44:32	before	265574	msctls_progress32	Bin7, 1920
2026-08-21 13:44:32	before	265572	Edit	Bin7, 1920M(2124M),CE:1 [A]
2026-08-21 13:44:32	before	265570	Edit	ID:2C44444BA9
2026-08-21 13:44:32	before	265568	Edit	MT29F32G08CBABA
2026-08-21 13:44:32	before	265564	msctls_progress32	S
2026-08-21 13:44:32	before	265556	msctls_progress32	Progress1
2026-08-21 13:44:32	before	265548	Button	07
2026-08-21 13:44:32	before	265546	msctls_progress32	Bin7, 1920
2026-08-21 13:44:32	before	265544	Edit	Bin7, 1920M(2138M),CE:1 [A]
2026-08-21 13:44:32	before	265542	Edit	ID:2C44444BA9
2026-08-21 13:44:32	before	265518	Edit	MT29F32G08CBABA
2026-08-21 13:44:32	before	265136	msctls_progress32	S
2026-08-21 13:44:32	before	265158	msctls_progress32	Progress1
2026-08-21 13:44:32	before	265150	Button	08
2026-08-21 13:44:32	before	265148	msctls_progress32	Bin7, 1920
2026-08-21 13:44:32	before	265146	Edit	Bin7, 1920M(2149M),CE:1 [A]
2026-08-21 13:44:32	before	265122	Edit	ID:2C44444BA9
2026-08-21 13:44:32	before	265162	Edit	MT29F32G08CBABA
2026-08-21 13:44:32	before	265132	msctls_progress32	S
2026-08-21 13:44:32	before	265130	msctls_progress32	Progress1
2026-08-21 13:44:32	before	265100	Button	25
2026-08-21 13:44:32	before	265102	msctls_progress32	Progress1
2026-08-21 13:44:32	before	265114	Button	26
2026-08-21 13:44:32	before	265072	msctls_progress32	Progress1
2026-08-21 13:44:32	before	265062	Button	27
2026-08-21 13:44:32	before	265066	msctls_progress32	Progress1
2026-08-21 13:44:32	before	265036	Button	28
2026-08-21 13:44:32	before	265016	msctls_progress32	Progress1
2026-08-21 13:44:32	before	264804	Button	29
2026-08-21 13:44:32	before	264810	msctls_progress32	Progress1
2026-08-21 13:44:32	before	264800	Button	30
2026-08-21 13:44:32	before	264782	msctls_progress32	Progress1
2026-08-21 13:44:32	before	264748	Button	31
2026-08-21 13:44:32	before	264754	msctls_progress32	Progress1
2026-08-21 13:44:32	before	264740	Button	32
2026-08-21 13:44:32	before	264696	msctls_progress32	Progress1
2026-08-21 13:44:32	before	264712	Button	09
2026-08-21 13:44:32	before	264710	msctls_progress32	Bin7, 1920
2026-08-21 13:44:32	before	264708	Edit	Bin7, 1920M(2109M),CE:1 [A]
2026-08-21 13:44:32	before	264706	Edit	ID:2C44444BA9
2026-08-21 13:44:32	before	264682	Edit	MT29F32G08CBABA
2026-08-21 13:44:32	before	264670	msctls_progress32	S
2026-08-21 13:44:32	before	264692	msctls_progress32	Progress1
2026-08-21 13:44:32	before	264684	Button	10
2026-08-21 13:44:32	before	264664	msctls_progress32	Progress1
2026-08-21 13:44:32	before	264654	Button	11
2026-08-21 13:44:32	before	264674	msctls_progress32	Bin6, 3840
2026-08-21 13:44:32	before	264648	Edit	Bin6, 3840M(4075M),CE:2 [A]
2026-08-21 13:44:32	before	264646	Edit	ID:2C44444BA9
2026-08-21 13:44:32	before	265322	Edit	MT29F32G08CBABA
2026-08-21 13:44:32	before	265320	msctls_progress32	S
2026-08-21 13:44:32	before	265338	msctls_progress32	Progress1
2026-08-21 13:44:32	before	265328	Button	12
2026-08-21 13:44:32	before	265326	msctls_progress32	Bin7, 1920
2026-08-21 13:44:32	before	265324	Edit	Bin7, 1920M(2120M),CE:1 [A]
2026-08-21 13:44:32	before	265294	Edit	ID:2C44444BA9
2026-08-21 13:44:32	before	265316	Edit	MT29F32G08CBABA
2026-08-21 13:44:32	before	265312	msctls_progress32	S
2026-08-21 13:44:32	before	265310	msctls_progress32	Progress1
2026-08-21 13:44:32	before	265300	Button	13
2026-08-21 13:44:32	before	265280	msctls_progress32	Progress1
2026-08-21 13:44:32	before	265270	Button	14
2026-08-21 13:44:32	before	265250	msctls_progress32	Progress1
2026-08-21 13:44:32	before	265216	Button	15
2026-08-21 13:44:32	before	265222	msctls_progress32	Progress1
2026-08-21 13:44:32	before	265234	Button	16
2026-08-21 13:44:32	before	265194	msctls_progress32	Progress1
2026-08-21 13:44:32	before	265180	Button	33
2026-08-21 13:44:32	before	264968	msctls_progress32	Progress1
2026-08-21 13:44:32	before	264976	Button	34
2026-08-21 13:44:32	before	264932	msctls_progress32	Progress1
2026-08-21 13:44:32	before	264948	Button	35
2026-08-21 13:44:32	before	264928	msctls_progress32	Progress1
2026-08-21 13:44:32	before	264918	Button	36
2026-08-21 13:44:32	before	264898	msctls_progress32	Progress1
2026-08-21 13:44:32	before	264912	Button	37
2026-08-21 13:44:32	before	264870	msctls_progress32	Progress1
2026-08-21 13:44:32	before	264860	Button	38
2026-08-21 13:44:32	before	264864	msctls_progress32	Progress1
2026-08-21 13:44:32	before	264830	Button	39
2026-08-21 13:44:32	before	264634	msctls_progress32	Progress1
2026-08-21 13:44:32	before	264626	Button	40
2026-08-21 13:44:32	before	264606	msctls_progress32	Progress1
2026-08-21 13:44:32	before	264550	Button	17
2026-08-21 13:44:32	before	264578	msctls_progress32	Progress1
2026-08-21 13:44:32	before	264564	Button	18
2026-08-21 13:44:32	before	395590	msctls_progress32	Progress1
2026-08-21 13:44:32	before	264536	Button	19
2026-08-21 13:44:32	before	264542	msctls_progress32	Progress1
2026-08-21 13:44:32	before	395572	Button	20
2026-08-21 13:44:32	before	461116	msctls_progress32	Progress1
2026-08-21 13:44:32	before	591808	Button	21
2026-08-21 13:44:32	before	266442	msctls_progress32	Progress1
2026-08-21 13:44:32	before	266434	Button	22
2026-08-21 13:44:32	before	266416	msctls_progress32	Progress1
2026-08-21 13:44:32	before	266428	Button	23
2026-08-21 13:44:32	before	266390	msctls_progress32	Progress1
2026-08-21 13:44:32	before	266380	Button	24
2026-08-21 13:44:32	before	266384	msctls_progress32	Progress1
2026-08-21 13:44:32	before	1246110	Button	41
2026-08-21 13:44:32	before	1049542	msctls_progress32	Progress1
2026-08-21 13:44:32	before	4851236	Button	42
2026-08-21 13:44:32	before	1312224	msctls_progress32	Progress1
2026-08-21 13:44:32	before	197440	Button	43
2026-08-21 13:44:32	before	1181020	msctls_progress32	Progress1
2026-08-21 13:44:32	before	197460	Button	44
2026-08-21 13:44:32	before	1115572	msctls_progress32	Progress1
2026-08-21 13:44:32	before	917624	Button	45
2026-08-21 13:44:32	before	197448	msctls_progress32	Progress1
2026-08-21 13:44:32	before	267298	Button	46
2026-08-21 13:44:32	before	267236	msctls_progress32	Progress1
2026-08-21 13:44:32	before	267308	Button	47
2026-08-21 13:44:32	before	201734	msctls_progress32	Progress1
2026-08-21 13:44:32	before	201708	Button	48
2026-08-21 13:44:32	before	787344	msctls_progress32	Progress1
2026-08-21 13:44:32	before	591194	Button	49
2026-08-21 13:44:32	before	984566	msctls_progress32	Progress1
2026-08-21 13:44:32	before	983920	Button	50
2026-08-21 13:44:32	before	263564	msctls_progress32	Progress1
2026-08-21 13:44:32	before	197232	Button	51
2026-08-21 13:44:32	before	262456	msctls_progress32	Progress1
2026-08-21 13:44:32	before	459040	Button	52
2026-08-21 13:44:32	before	393236	msctls_progress32	Progress1
2026-08-21 13:44:32	before	197230	Button	53
2026-08-21 13:44:32	before	262696	msctls_progress32	Progress1
2026-08-21 13:44:32	before	197224	Button	54
2026-08-21 13:44:32	before	1049546	msctls_progress32	Progress1
2026-08-21 13:44:32	before	196970	Button	55
2026-08-21 13:44:32	before	196934	msctls_progress32	Progress1
2026-08-21 13:44:32	before	462890	Button	56
2026-08-21 13:44:32	before	854204	msctls_progress32	Progress1
2026-08-21 13:44:32	before	3212732	Button	57
2026-08-21 13:44:32	before	266358	msctls_progress32	Progress1
2026-08-21 13:44:32	before	266350	Button	58
2026-08-21 13:44:32	before	266334	msctls_progress32	Progress1
2026-08-21 13:44:32	before	266326	Button	59
2026-08-21 13:44:32	before	266310	msctls_progress32	Progress1
2026-08-21 13:44:32	before	266302	Button	60
2026-08-21 13:44:32	before	197466	msctls_progress32	Progress1
2026-08-21 13:44:32	before	1574700	Button	61
2026-08-21 13:44:32	before	1967504	msctls_progress32	Progress1
2026-08-21 13:44:32	before	1312196	Button	62
2026-08-21 13:44:32	before	263814	msctls_progress32	Progress1
2026-08-21 13:44:32	before	201724	Button	63
2026-08-21 13:44:32	before	201788	msctls_progress32	Progress1
2026-08-21 13:44:32	before	201732	Button	64
2026-08-21 13:44:32	before	201756	msctls_progress32	Progress1
2026-08-21 13:44:32	before	463106	Button	65
2026-08-21 13:44:32	before	201784	msctls_progress32	Progress1
2026-08-21 13:44:32	before	201728	Button	66
2026-08-21 13:44:32	before	656202	msctls_progress32	Progress1
2026-08-21 13:44:32	before	327902	Button	67
2026-08-21 13:44:32	before	328546	msctls_progress32	Progress1
2026-08-21 13:44:32	before	459438	Button	68
2026-08-21 13:44:32	before	656126	msctls_progress32	Progress1
2026-08-21 13:44:32	before	1377814	Button	69
2026-08-21 13:44:32	before	590594	msctls_progress32	Progress1
2026-08-21 13:44:32	before	656392	Button	70
2026-08-21 13:44:32	before	393494	msctls_progress32	Progress1
2026-08-21 13:44:32	before	196836	Button	71
2026-08-21 13:44:32	before	984210	msctls_progress32	Progress1
2026-08-21 13:44:32	before	197856	Button	72
2026-08-21 13:44:32	before	197862	msctls_progress32	Progress1
2026-08-21 13:44:32	before	197852	Button	73
2026-08-21 13:44:32	before	197038	msctls_progress32	Progress1
2026-08-21 13:44:32	before	197028	Button	74
2026-08-21 13:44:32	before	328086	msctls_progress32	Progress1
2026-08-21 13:44:32	before	196990	Button	75
2026-08-21 13:44:32	before	262504	msctls_progress32	Progress1
2026-08-21 13:44:32	before	196952	Button	76
2026-08-21 13:44:32	before	1770968	msctls_progress32	Progress1
2026-08-21 13:44:32	before	1311492	Button	77
2026-08-21 13:44:32	before	197032	msctls_progress32	Progress1
2026-08-21 13:44:32	before	196930	Button	78
2026-08-21 13:44:32	before	2884992	msctls_progress32	Progress1
2026-08-21 13:44:32	before	525328	Button	79
2026-08-21 13:44:32	before	267284	msctls_progress32	Progress1
2026-08-21 13:44:32	before	525942	Button	80
2026-08-21 13:44:32	before	266338	msctls_progress32	Progress1
2026-08-21 13:44:32	before	266372	Button	All &Start
2026-08-21 13:44:32	before	266396	Button	All S&top
2026-08-21 13:44:32	before	266420	Button	Settings(&M)
2026-08-21 13:44:32	before	526552	Button	&Refresh
2026-08-21 13:44:32	before	461008	Button	&Eject
2026-08-21 13:44:32	before	1443772	Button	MP &Log
2026-08-21 13:44:32	before	264540	Button	Default
2026-08-21 13:44:32	before	264590	Button	Auto
2026-08-21 13:44:32	before	264596	Button	Manual
2026-08-21 13:44:32	before	264622	Button	Lock
2026-08-21 13:44:32	before	264824	Button	E2Prom
2026-08-21 13:44:32	before	264850	Button	Chinese
2026-08-21 13:44:32	before	264876	Button	English
2026-08-21 13:44:32	before	264904	Button	Big5
2026-08-21 13:44:32	before	264930	Button	&Exit
2026-08-21 13:44:32	before	264956	Button	Lock Disk
2026-08-21 13:44:32	before	264982	Button	Language
2026-08-21 13:44:32	before	265188	Button	Test
2026-08-21 13:44:32	before	265214	Static	V7200(24-11-20)
2026-08-21 13:44:32	before	265292	Static	Language
2026-08-21 13:44:32	before	264668	Static	Lock Disk
2026-08-21 13:44:32	before	264694	Static	NumberOfPorts
2026-08-21 13:44:32	before	264776	Button	AutoStart
2026-08-21 13:44:32	before	264802	Button	AutoRefresh
2026-08-21 13:44:32	before	0	USB_DISK_INFO	||||ChipsBnk Flash Disk USB Device|USB|USBSTOR\DISK&VEN_CHIPSBNK&PROD_FLASH_DISK&REV_5.00\6&13769F30&0
2026-08-21 13:44:32	before	0	USB_DISK_INFO	C|LFG118J003676       _00000001.|||NVMe FORESEE P900F128GH|SCSI|SCSI\DISK&VEN_NVME&PROD_FORESEE_P900F128\4&4E4E240&0&030000
2026-08-21 13:44:32	before	0	USB_DISK_INFO	||||ChipsBnk Flash Disk USB Device|USB|USBSTOR\DISK&VEN_CHIPSBNK&PROD_FLASH_DISK&REV_5.00\8&A40A5EB&0
2026-08-21 13:44:32	before	0	USB_DISK_INFO	||||ChipsBnk Flash Disk USB Device|USB|USBSTOR\DISK&VEN_CHIPSBNK&PROD_FLASH_DISK&REV_5.00\8&1DA9DBBD&0
2026-08-21 13:46:55	after	331180	Edit	2199ESB
2026-08-21 13:46:55	after	331196	Edit	3
2026-08-21 13:46:55	after	331198	Edit	High scan 1 Scanned Flash Saving param
2026-08-21 13:46:55	after	331202	Edit	07-J, Bin7, 1920M(2138M),CE:1 [A], ID:2C44444BA9
2026-08-21 13:46:55	after	331204	Static	IC Type:
2026-08-21 13:46:55	after	724538	Static	Settings:
2026-08-21 13:46:55	after	724828	Static	Eject Info:
2026-08-21 13:46:55	after	855540	Static	2199EST
2026-08-21 13:46:55	after	1248796	Static	Count:
2026-08-21 13:46:55	after	2231972	Static	Other
2026-08-21 13:46:55	after	1117862	Static	2199S
2026-08-21 13:46:55	after	1377768	Static	2199EB
2026-08-21 13:46:55	after	331178	Static	2199ESB
2026-08-21 13:46:55	after	331186	Static	2199ES
2026-08-21 13:46:55	after	331210	Static	2199EE
2026-08-21 13:46:55	after	1639986	Button	01
2026-08-21 13:46:55	after	396688	msctls_progress32	Bin7, 1920
2026-08-21 13:46:55	after	331222	Edit	Bin7, 1920M(2093M),CE:1 [A]
2026-08-21 13:46:55	after	331224	Edit	ID:2C44444BA9
2026-08-21 13:46:55	after	396678	Edit	MT29F32G08CBABA
2026-08-21 13:46:55	after	331176	msctls_progress32	S
2026-08-21 13:46:55	after	331174	msctls_progress32	Progress1
2026-08-21 13:46:55	after	265622	Button	02-F | 0:0:23
2026-08-21 13:46:55	after	265620	msctls_progress32	Bin7, 1920
2026-08-21 13:46:55	after	265618	Edit	Bin7, 1920M(2122M),CE:1 [A]
2026-08-21 13:46:55	after	328820	Edit	ID:2C44444BA9
2026-08-21 13:46:55	after	656708	Edit	MT29F32G08CBABA
2026-08-21 13:46:55	after	459986	msctls_progress32	S
2026-08-21 13:46:55	after	852752	msctls_progress32	Progress1
2026-08-21 13:46:55	after	1115836	Button	03-E | 0:0:23
2026-08-21 13:46:55	after	3081734	msctls_progress32	Bin7, 1920
2026-08-21 13:46:55	after	1574364	Edit	Bin7, 1920M(2126M),CE:1 [A]
2026-08-21 13:46:55	after	459498	Edit	ID:2C44444BA9
2026-08-21 13:46:55	after	393956	Edit	MT29F32G08CBABA
2026-08-21 13:46:55	after	393706	msctls_progress32	S
2026-08-21 13:46:55	after	655624	msctls_progress32	Progress1
2026-08-21 13:46:55	after	459846	Button	04-D | 0:0:25
2026-08-21 13:46:55	after	2295858	msctls_progress32	Bin7, 1920
2026-08-21 13:46:55	after	1443440	Edit	Bin7, 1920M(2147M),CE:1 [A]
2026-08-21 13:46:55	after	394336	Edit	ID:2C44444BA9
2026-08-21 13:46:55	after	524938	Edit	MT29F32G08CBABA
2026-08-21 13:46:55	after	591486	msctls_progress32	S
2026-08-21 13:46:55	after	1508618	msctls_progress32	Progress1
2026-08-21 13:46:55	after	265630	Button	05
2026-08-21 13:46:55	after	265602	msctls_progress32	Bin7, 1920
2026-08-21 13:46:55	after	265600	Edit	Bin7, 1920M(2140M),CE:1 [A]
2026-08-21 13:46:55	after	265598	Edit	ID:2C44444BA9
2026-08-21 13:46:55	after	265596	Edit	MT29F32G08CBABA
2026-08-21 13:46:55	after	265592	msctls_progress32	S
2026-08-21 13:46:55	after	265590	msctls_progress32	Progress1
2026-08-21 13:46:55	after	265576	Button	06
2026-08-21 13:46:55	after	265574	msctls_progress32	Bin7, 1920
2026-08-21 13:46:55	after	265572	Edit	Bin7, 1920M(2124M),CE:1 [A]
2026-08-21 13:46:55	after	265570	Edit	ID:2C44444BA9
2026-08-21 13:46:55	after	265568	Edit	MT29F32G08CBABA
2026-08-21 13:46:55	after	265564	msctls_progress32	S
2026-08-21 13:46:55	after	265556	msctls_progress32	Progress1
2026-08-21 13:46:55	after	265548	Button	07
2026-08-21 13:46:55	after	265546	msctls_progress32	Bin7, 1920
2026-08-21 13:46:55	after	265544	Edit	Bin7, 1920M(2138M),CE:1 [A]
2026-08-21 13:46:55	after	265542	Edit	ID:2C44444BA9
2026-08-21 13:46:55	after	265518	Edit	MT29F32G08CBABA
2026-08-21 13:46:55	after	265136	msctls_progress32	S
2026-08-21 13:46:55	after	265158	msctls_progress32	Progress1
2026-08-21 13:46:55	after	265150	Button	08
2026-08-21 13:46:55	after	265148	msctls_progress32	Bin7, 1920
2026-08-21 13:46:55	after	265146	Edit	Bin7, 1920M(2149M),CE:1 [A]
2026-08-21 13:46:55	after	265122	Edit	ID:2C44444BA9
2026-08-21 13:46:55	after	265162	Edit	MT29F32G08CBABA
2026-08-21 13:46:55	after	265132	msctls_progress32	S
2026-08-21 13:46:55	after	265130	msctls_progress32	Progress1
2026-08-21 13:46:55	after	265100	Button	25
2026-08-21 13:46:55	after	265102	msctls_progress32	Progress1
2026-08-21 13:46:55	after	265114	Button	26
2026-08-21 13:46:55	after	265072	msctls_progress32	Progress1
2026-08-21 13:46:55	after	265062	Button	27
2026-08-21 13:46:55	after	265066	msctls_progress32	Progress1
2026-08-21 13:46:55	after	265036	Button	28
2026-08-21 13:46:55	after	265016	msctls_progress32	Progress1
2026-08-21 13:46:55	after	264804	Button	29
2026-08-21 13:46:55	after	264810	msctls_progress32	Progress1
2026-08-21 13:46:55	after	264800	Button	30
2026-08-21 13:46:55	after	264782	msctls_progress32	Progress1
2026-08-21 13:46:55	after	264748	Button	31
2026-08-21 13:46:55	after	264754	msctls_progress32	Progress1
2026-08-21 13:46:55	after	264740	Button	32
2026-08-21 13:46:55	after	264696	msctls_progress32	Progress1
2026-08-21 13:46:55	after	264712	Button	09
2026-08-21 13:46:55	after	264710	msctls_progress32	Bin7, 1920
2026-08-21 13:46:55	after	264708	Edit	Bin7, 1920M(2109M),CE:1 [A]
2026-08-21 13:46:55	after	264706	Edit	ID:2C44444BA9
2026-08-21 13:46:55	after	264682	Edit	MT29F32G08CBABA
2026-08-21 13:46:55	after	264670	msctls_progress32	S
2026-08-21 13:46:55	after	264692	msctls_progress32	Progress1
2026-08-21 13:46:55	after	264684	Button	10
2026-08-21 13:46:55	after	264664	msctls_progress32	Progress1
2026-08-21 13:46:55	after	264654	Button	11
2026-08-21 13:46:55	after	264674	msctls_progress32	Bin6, 3840
2026-08-21 13:46:55	after	264648	Edit	Bin6, 3840M(4075M),CE:2 [A]
2026-08-21 13:46:55	after	264646	Edit	ID:2C44444BA9
2026-08-21 13:46:55	after	265322	Edit	MT29F32G08CBABA
2026-08-21 13:46:55	after	265320	msctls_progress32	S
2026-08-21 13:46:55	after	265338	msctls_progress32	Progress1
2026-08-21 13:46:55	after	265328	Button	12
2026-08-21 13:46:55	after	265326	msctls_progress32	Bin7, 1920
2026-08-21 13:46:55	after	265324	Edit	Bin7, 1920M(2120M),CE:1 [A]
2026-08-21 13:46:55	after	265294	Edit	ID:2C44444BA9
2026-08-21 13:46:55	after	265316	Edit	MT29F32G08CBABA
2026-08-21 13:46:55	after	265312	msctls_progress32	S
2026-08-21 13:46:55	after	265310	msctls_progress32	Progress1
2026-08-21 13:46:55	after	265300	Button	13
2026-08-21 13:46:55	after	265280	msctls_progress32	Progress1
2026-08-21 13:46:55	after	265270	Button	14
2026-08-21 13:46:55	after	265250	msctls_progress32	Progress1
2026-08-21 13:46:55	after	265216	Button	15
2026-08-21 13:46:55	after	265222	msctls_progress32	Progress1
2026-08-21 13:46:55	after	265234	Button	16
2026-08-21 13:46:55	after	265194	msctls_progress32	Progress1
2026-08-21 13:46:55	after	265180	Button	33
2026-08-21 13:46:55	after	264968	msctls_progress32	Progress1
2026-08-21 13:46:55	after	264976	Button	34
2026-08-21 13:46:55	after	264932	msctls_progress32	Progress1
2026-08-21 13:46:55	after	264948	Button	35
2026-08-21 13:46:55	after	264928	msctls_progress32	Progress1
2026-08-21 13:46:55	after	264918	Button	36
2026-08-21 13:46:55	after	264898	msctls_progress32	Progress1
2026-08-21 13:46:55	after	264912	Button	37
2026-08-21 13:46:55	after	264870	msctls_progress32	Progress1
2026-08-21 13:46:55	after	264860	Button	38
2026-08-21 13:46:55	after	264864	msctls_progress32	Progress1
2026-08-21 13:46:55	after	264830	Button	39
2026-08-21 13:46:55	after	264634	msctls_progress32	Progress1
2026-08-21 13:46:55	after	264626	Button	40
2026-08-21 13:46:55	after	264606	msctls_progress32	Progress1
2026-08-21 13:46:55	after	264550	Button	17
2026-08-21 13:46:55	after	264578	msctls_progress32	Progress1
2026-08-21 13:46:55	after	264564	Button	18
2026-08-21 13:46:55	after	395590	msctls_progress32	Progress1
2026-08-21 13:46:55	after	264536	Button	19
2026-08-21 13:46:55	after	264542	msctls_progress32	Progress1
2026-08-21 13:46:55	after	395572	Button	20
2026-08-21 13:46:55	after	461116	msctls_progress32	Progress1
2026-08-21 13:46:55	after	591808	Button	21
2026-08-21 13:46:55	after	266442	msctls_progress32	Progress1
2026-08-21 13:46:55	after	266434	Button	22
2026-08-21 13:46:55	after	266416	msctls_progress32	Progress1
2026-08-21 13:46:55	after	266428	Button	23
2026-08-21 13:46:55	after	266390	msctls_progress32	Progress1
2026-08-21 13:46:55	after	266380	Button	24
2026-08-21 13:46:55	after	266384	msctls_progress32	Progress1
2026-08-21 13:46:55	after	1246110	Button	41
2026-08-21 13:46:55	after	1049542	msctls_progress32	Progress1
2026-08-21 13:46:55	after	4851236	Button	42
2026-08-21 13:46:55	after	1312224	msctls_progress32	Progress1
2026-08-21 13:46:55	after	197440	Button	43
2026-08-21 13:46:55	after	1181020	msctls_progress32	Progress1
2026-08-21 13:46:55	after	197460	Button	44
2026-08-21 13:46:55	after	1115572	msctls_progress32	Progress1
2026-08-21 13:46:55	after	917624	Button	45
2026-08-21 13:46:55	after	197448	msctls_progress32	Progress1
2026-08-21 13:46:55	after	267298	Button	46
2026-08-21 13:46:55	after	267236	msctls_progress32	Progress1
2026-08-21 13:46:55	after	267308	Button	47
2026-08-21 13:46:55	after	201734	msctls_progress32	Progress1
2026-08-21 13:46:55	after	201708	Button	48
2026-08-21 13:46:55	after	787344	msctls_progress32	Progress1
2026-08-21 13:46:55	after	591194	Button	49
2026-08-21 13:46:55	after	984566	msctls_progress32	Progress1
2026-08-21 13:46:55	after	983920	Button	50
2026-08-21 13:46:55	after	263564	msctls_progress32	Progress1
2026-08-21 13:46:55	after	197232	Button	51
2026-08-21 13:46:55	after	262456	msctls_progress32	Progress1
2026-08-21 13:46:55	after	459040	Button	52
2026-08-21 13:46:55	after	393236	msctls_progress32	Progress1
2026-08-21 13:46:55	after	197230	Button	53
2026-08-21 13:46:55	after	262696	msctls_progress32	Progress1
2026-08-21 13:46:55	after	197224	Button	54
2026-08-21 13:46:55	after	1049546	msctls_progress32	Progress1
2026-08-21 13:46:55	after	196970	Button	55
2026-08-21 13:46:55	after	196934	msctls_progress32	Progress1
2026-08-21 13:46:55	after	462890	Button	56
2026-08-21 13:46:55	after	854204	msctls_progress32	Progress1
2026-08-21 13:46:55	after	3212732	Button	57
2026-08-21 13:46:55	after	266358	msctls_progress32	Progress1
2026-08-21 13:46:55	after	266350	Button	58
2026-08-21 13:46:55	after	266334	msctls_progress32	Progress1
2026-08-21 13:46:55	after	266326	Button	59
2026-08-21 13:46:55	after	266310	msctls_progress32	Progress1
2026-08-21 13:46:55	after	266302	Button	60
2026-08-21 13:46:55	after	197466	msctls_progress32	Progress1
2026-08-21 13:46:55	after	1574700	Button	61
2026-08-21 13:46:55	after	1967504	msctls_progress32	Progress1
2026-08-21 13:46:55	after	1312196	Button	62
2026-08-21 13:46:55	after	263814	msctls_progress32	Progress1
2026-08-21 13:46:55	after	201724	Button	63
2026-08-21 13:46:55	after	201788	msctls_progress32	Progress1
2026-08-21 13:46:55	after	201732	Button	64
2026-08-21 13:46:55	after	201756	msctls_progress32	Progress1
2026-08-21 13:46:55	after	463106	Button	65
2026-08-21 13:46:55	after	201784	msctls_progress32	Progress1
2026-08-21 13:46:55	after	201728	Button	66
2026-08-21 13:46:55	after	656202	msctls_progress32	Progress1
2026-08-21 13:46:55	after	327902	Button	67
2026-08-21 13:46:55	after	328546	msctls_progress32	Progress1
2026-08-21 13:46:55	after	459438	Button	68
2026-08-21 13:46:55	after	656126	msctls_progress32	Progress1
2026-08-21 13:46:55	after	1377814	Button	69
2026-08-21 13:46:55	after	590594	msctls_progress32	Progress1
2026-08-21 13:46:55	after	656392	Button	70
2026-08-21 13:46:55	after	393494	msctls_progress32	Progress1
2026-08-21 13:46:55	after	196836	Button	71
2026-08-21 13:46:55	after	984210	msctls_progress32	Progress1
2026-08-21 13:46:55	after	197856	Button	72
2026-08-21 13:46:55	after	197862	msctls_progress32	Progress1
2026-08-21 13:46:55	after	197852	Button	73
2026-08-21 13:46:55	after	197038	msctls_progress32	Progress1
2026-08-21 13:46:55	after	197028	Button	74
2026-08-21 13:46:55	after	328086	msctls_progress32	Progress1
2026-08-21 13:46:55	after	196990	Button	75
2026-08-21 13:46:55	after	262504	msctls_progress32	Progress1
2026-08-21 13:46:55	after	196952	Button	76
2026-08-21 13:46:55	after	1770968	msctls_progress32	Progress1
2026-08-21 13:46:55	after	1311492	Button	77
2026-08-21 13:46:55	after	197032	msctls_progress32	Progress1
2026-08-21 13:46:55	after	196930	Button	78
2026-08-21 13:46:55	after	2884992	msctls_progress32	Progress1
2026-08-21 13:46:55	after	525328	Button	79
2026-08-21 13:46:55	after	267284	msctls_progress32	Progress1
2026-08-21 13:46:55	after	525942	Button	80
2026-08-21 13:46:55	after	266338	msctls_progress32	Progress1
2026-08-21 13:46:55	after	266372	Button	All &Start
2026-08-21 13:46:55	after	266396	Button	All S&top
2026-08-21 13:46:55	after	266420	Button	Settings(&M)
2026-08-21 13:46:55	after	526552	Button	&Refresh
2026-08-21 13:46:55	after	461008	Button	&Eject
2026-08-21 13:46:55	after	1443772	Button	MP &Log
2026-08-21 13:46:55	after	264540	Button	Default
2026-08-21 13:46:55	after	264590	Button	Auto
2026-08-21 13:46:55	after	264596	Button	Manual
2026-08-21 13:46:55	after	264622	Button	Lock
2026-08-21 13:46:55	after	264824	Button	E2Prom
2026-08-21 13:46:55	after	264850	Button	Chinese
2026-08-21 13:46:55	after	264876	Button	English
2026-08-21 13:46:55	after	264904	Button	Big5
2026-08-21 13:46:55	after	264930	Button	&Exit
2026-08-21 13:46:55	after	264956	Button	Lock Disk
2026-08-21 13:46:55	after	264982	Button	Language
2026-08-21 13:46:55	after	265188	Button	Test
2026-08-21 13:46:55	after	265214	Static	V7200(24-11-20)
2026-08-21 13:46:55	after	265292	Static	Language
2026-08-21 13:46:55	after	264668	Static	Lock Disk
2026-08-21 13:46:55	after	264694	Static	NumberOfPorts
2026-08-21 13:46:55	after	264776	Button	AutoStart
2026-08-21 13:46:55	after	264802	Button	AutoRefresh
2026-08-21 13:46:55	after	0	USB_DISK_INFO	D||||ChipsBnk Flash Disk USB Device|USB|USBSTOR\DISK&VEN_CHIPSBNK&PROD_FLASH_DISK&REV_5.00\6&13769F30&0
2026-08-21 13:46:55	after	0	USB_DISK_INFO	C|LFG118J003676       _00000001.|||NVMe FORESEE P900F128GH|SCSI|SCSI\DISK&VEN_NVME&PROD_FORESEE_P900F128\4&4E4E240&0&030000
2026-08-21 13:46:55	after	0	USB_DISK_INFO	E||||ChipsBnk Flash Disk USB Device|USB|USBSTOR\DISK&VEN_CHIPSBNK&PROD_FLASH_DISK&REV_5.00\8&A40A5EB&0
2026-08-21 13:46:55	after	0	USB_DISK_INFO	F||||ChipsBnk Flash Disk USB Device|USB|USBSTOR\DISK&VEN_CHIPSBNK&PROD_FLASH_DISK&REV_5.00\8&1DA9DBBD&0
2026-08-21 13:52:16	before	331180	Edit	2199ESB
2026-08-21 13:52:16	before	331196	Edit	7
2026-08-21 13:52:16	before	331198	Edit	High scan 1 Scanned Flash Saving param
2026-08-21 13:52:16	before	331202	Edit	07-J, Bin7, 1920M(2124M),CE:1 [A], ID:2C44444BA9
2026-08-21 13:52:16	before	331204	Static	IC Type:
2026-08-21 13:52:16	before	724538	Static	Settings:
2026-08-21 13:52:16	before	724828	Static	Eject Info:
2026-08-21 13:52:16	before	855540	Static	2199EST
2026-08-21 13:52:16	before	1248796	Static	Count:
2026-08-21 13:52:16	before	2231972	Static	Other
2026-08-21 13:52:16	before	1117862	Static	2199S
2026-08-21 13:52:16	before	1377768	Static	2199EB
2026-08-21 13:52:16	before	331178	Static	2199ESB
2026-08-21 13:52:16	before	331186	Static	2199ES
2026-08-21 13:52:16	before	331210	Static	2199EE
2026-08-21 13:52:16	before	1639986	Button	01-H
2026-08-21 13:52:16	before	396688	msctls_progress32	Bin8, 960M
2026-08-21 13:52:16	before	331222	Edit	Bin8, 960M,CE:1 [A]
2026-08-21 13:52:16	before	331224	Edit	ID:2C44444BA9
2026-08-21 13:52:16	before	396678	Edit	MT29F32G08CBABA
2026-08-21 13:52:16	before	331176	msctls_progress32	S
2026-08-21 13:52:16	before	331174	msctls_progress32	Progress1
2026-08-21 13:52:16	before	265622	Button	02-F
2026-08-21 13:52:16	before	265620	msctls_progress32	Bin8, 960M
2026-08-21 13:52:16	before	265618	Edit	Bin8, 960M,CE:1 [A]
2026-08-21 13:52:16	before	328820	Edit	ID:2C44444BA9
2026-08-21 13:52:16	before	656708	Edit	MT29F32G08CBABA
2026-08-21 13:52:16	before	459986	msctls_progress32	S
2026-08-21 13:52:16	before	852752	msctls_progress32	Progress1
2026-08-21 13:52:16	before	1115836	Button	03-E
2026-08-21 13:52:16	before	3081734	msctls_progress32	Bin8, 960M
2026-08-21 13:52:16	before	1574364	Edit	Bin8, 960M,CE:1 [A]
2026-08-21 13:52:16	before	459498	Edit	ID:2C44444BA9
2026-08-21 13:52:16	before	393956	Edit	MT29F32G08CBABA
2026-08-21 13:52:16	before	393706	msctls_progress32	S
2026-08-21 13:52:16	before	655624	msctls_progress32	Progress1
2026-08-21 13:52:16	before	459846	Button	04-D
2026-08-21 13:52:16	before	2295858	msctls_progress32	Bin8, 960M
2026-08-21 13:52:16	before	1443440	Edit	Bin8, 960M,CE:1 [A]
2026-08-21 13:52:16	before	394336	Edit	ID:2C44444BA9
2026-08-21 13:52:16	before	524938	Edit	MT29F32G08CBABA
2026-08-21 13:52:16	before	591486	msctls_progress32	S
2026-08-21 13:52:16	before	1508618	msctls_progress32	Progress1
2026-08-21 13:52:16	before	265630	Button	05-K
2026-08-21 13:52:16	before	265602	msctls_progress32	Bin8, 960M
2026-08-21 13:52:16	before	265600	Edit	Bin8, 960M,CE:1 [A]
2026-08-21 13:52:16	before	265598	Edit	ID:2C44444BA9
2026-08-21 13:52:16	before	265596	Edit	MT29F32G08CBABA
2026-08-21 13:52:16	before	265592	msctls_progress32	S
2026-08-21 13:52:16	before	265590	msctls_progress32	Progress1
2026-08-21 13:52:16	before	265576	Button	06
2026-08-21 13:52:16	before	265574	msctls_progress32	Bin7, 1920
2026-08-21 13:52:16	before	265572	Edit	Bin7, 1920M(2124M),CE:1 [A]
2026-08-21 13:52:16	before	265570	Edit	ID:2C44444BA9
2026-08-21 13:52:16	before	265568	Edit	MT29F32G08CBABA
2026-08-21 13:52:16	before	265564	msctls_progress32	S
2026-08-21 13:52:16	before	265556	msctls_progress32	Progress1
2026-08-21 13:52:16	before	265548	Button	07-J
2026-08-21 13:52:16	before	265546	msctls_progress32	Bin8, 960M
2026-08-21 13:52:16	before	265544	Edit	Bin8, 960M,CE:1 [A]
2026-08-21 13:52:16	before	265542	Edit	ID:2C44444BA9
2026-08-21 13:52:16	before	265518	Edit	MT29F32G08CBABA
2026-08-21 13:52:16	before	265136	msctls_progress32	S
2026-08-21 13:52:16	before	265158	msctls_progress32	Progress1
2026-08-21 13:52:16	before	265150	Button	08-I
2026-08-21 13:52:16	before	265148	msctls_progress32	Bin8, 960M
2026-08-21 13:52:16	before	265146	Edit	Bin8, 960M,CE:1 [A]
2026-08-21 13:52:16	before	265122	Edit	ID:2C44444BA9
2026-08-21 13:52:16	before	265162	Edit	MT29F32G08CBABA
2026-08-21 13:52:16	before	265132	msctls_progress32	S
2026-08-21 13:52:16	before	265130	msctls_progress32	Progress1
2026-08-21 13:52:16	before	265100	Button	25
2026-08-21 13:52:16	before	265102	msctls_progress32	Progress1
2026-08-21 13:52:16	before	265114	Button	26
2026-08-21 13:52:16	before	265072	msctls_progress32	Progress1
2026-08-21 13:52:16	before	265062	Button	27
2026-08-21 13:52:16	before	265066	msctls_progress32	Progress1
2026-08-21 13:52:16	before	265036	Button	28
2026-08-21 13:52:16	before	265016	msctls_progress32	Progress1
2026-08-21 13:52:16	before	264804	Button	29
2026-08-21 13:52:16	before	264810	msctls_progress32	Progress1
2026-08-21 13:52:16	before	264800	Button	30
2026-08-21 13:52:16	before	264782	msctls_progress32	Progress1
2026-08-21 13:52:16	before	264748	Button	31
2026-08-21 13:52:16	before	264754	msctls_progress32	Progress1
2026-08-21 13:52:16	before	264740	Button	32
2026-08-21 13:52:16	before	264696	msctls_progress32	Progress1
2026-08-21 13:52:16	before	264712	Button	09
2026-08-21 13:52:16	before	264710	msctls_progress32	Bin7, 1920
2026-08-21 13:52:16	before	264708	Edit	Bin7, 1920M(2109M),CE:1 [A]
2026-08-21 13:52:16	before	264706	Edit	ID:2C44444BA9
2026-08-21 13:52:16	before	264682	Edit	MT29F32G08CBABA
2026-08-21 13:52:16	before	264670	msctls_progress32	S
2026-08-21 13:52:16	before	264692	msctls_progress32	Progress1
2026-08-21 13:52:16	before	264684	Button	10
2026-08-21 13:52:16	before	264664	msctls_progress32	Progress1
2026-08-21 13:52:16	before	264654	Button	11
2026-08-21 13:52:16	before	264674	msctls_progress32	Bin6, 3840
2026-08-21 13:52:16	before	264648	Edit	Bin6, 3840M(4075M),CE:2 [A]
2026-08-21 13:52:16	before	264646	Edit	ID:2C44444BA9
2026-08-21 13:52:16	before	265322	Edit	MT29F32G08CBABA
2026-08-21 13:52:16	before	265320	msctls_progress32	S
2026-08-21 13:52:16	before	265338	msctls_progress32	Progress1
2026-08-21 13:52:16	before	265328	Button	12
2026-08-21 13:52:16	before	265326	msctls_progress32	Bin7, 1920
2026-08-21 13:52:16	before	265324	Edit	Bin7, 1920M(2120M),CE:1 [A]
2026-08-21 13:52:16	before	265294	Edit	ID:2C44444BA9
2026-08-21 13:52:16	before	265316	Edit	MT29F32G08CBABA
2026-08-21 13:52:16	before	265312	msctls_progress32	S
2026-08-21 13:52:16	before	265310	msctls_progress32	Progress1
2026-08-21 13:52:16	before	265300	Button	13
2026-08-21 13:52:16	before	265280	msctls_progress32	Progress1
2026-08-21 13:52:16	before	265270	Button	14
2026-08-21 13:52:16	before	265250	msctls_progress32	Progress1
2026-08-21 13:52:16	before	265216	Button	15
2026-08-21 13:52:16	before	265222	msctls_progress32	Progress1
2026-08-21 13:52:16	before	265234	Button	16
2026-08-21 13:52:16	before	265194	msctls_progress32	Progress1
2026-08-21 13:52:16	before	265180	Button	33
2026-08-21 13:52:16	before	264968	msctls_progress32	Progress1
2026-08-21 13:52:16	before	264976	Button	34
2026-08-21 13:52:16	before	264932	msctls_progress32	Progress1
2026-08-21 13:52:16	before	264948	Button	35
2026-08-21 13:52:16	before	264928	msctls_progress32	Progress1
2026-08-21 13:52:16	before	264918	Button	36
2026-08-21 13:52:16	before	264898	msctls_progress32	Progress1
2026-08-21 13:52:16	before	264912	Button	37
2026-08-21 13:52:16	before	264870	msctls_progress32	Progress1
2026-08-21 13:52:16	before	264860	Button	38
2026-08-21 13:52:16	before	264864	msctls_progress32	Progress1
2026-08-21 13:52:16	before	264830	Button	39
2026-08-21 13:52:16	before	264634	msctls_progress32	Progress1
2026-08-21 13:52:16	before	264626	Button	40
2026-08-21 13:52:16	before	264606	msctls_progress32	Progress1
2026-08-21 13:52:16	before	264550	Button	17
2026-08-21 13:52:16	before	264578	msctls_progress32	Progress1
2026-08-21 13:52:16	before	264564	Button	18
2026-08-21 13:52:16	before	395590	msctls_progress32	Progress1
2026-08-21 13:52:16	before	264536	Button	19
2026-08-21 13:52:16	before	264542	msctls_progress32	Progress1
2026-08-21 13:52:16	before	395572	Button	20
2026-08-21 13:52:16	before	461116	msctls_progress32	Progress1
2026-08-21 13:52:16	before	591808	Button	21
2026-08-21 13:52:16	before	266442	msctls_progress32	Progress1
2026-08-21 13:52:16	before	266434	Button	22
2026-08-21 13:52:16	before	266416	msctls_progress32	Progress1
2026-08-21 13:52:16	before	266428	Button	23
2026-08-21 13:52:16	before	266390	msctls_progress32	Progress1
2026-08-21 13:52:16	before	266380	Button	24
2026-08-21 13:52:16	before	266384	msctls_progress32	Progress1
2026-08-21 13:52:16	before	1246110	Button	41
2026-08-21 13:52:16	before	1049542	msctls_progress32	Progress1
2026-08-21 13:52:16	before	4851236	Button	42
2026-08-21 13:52:16	before	1312224	msctls_progress32	Progress1
2026-08-21 13:52:16	before	197440	Button	43
2026-08-21 13:52:16	before	1181020	msctls_progress32	Progress1
2026-08-21 13:52:16	before	197460	Button	44
2026-08-21 13:52:16	before	1115572	msctls_progress32	Progress1
2026-08-21 13:52:16	before	917624	Button	45
2026-08-21 13:52:16	before	197448	msctls_progress32	Progress1
2026-08-21 13:52:16	before	267298	Button	46
2026-08-21 13:52:16	before	267236	msctls_progress32	Progress1
2026-08-21 13:52:16	before	267308	Button	47
2026-08-21 13:52:16	before	201734	msctls_progress32	Progress1
2026-08-21 13:52:16	before	201708	Button	48
2026-08-21 13:52:16	before	787344	msctls_progress32	Progress1
2026-08-21 13:52:16	before	591194	Button	49
2026-08-21 13:52:16	before	984566	msctls_progress32	Progress1
2026-08-21 13:52:16	before	983920	Button	50
2026-08-21 13:52:16	before	263564	msctls_progress32	Progress1
2026-08-21 13:52:16	before	197232	Button	51
2026-08-21 13:52:16	before	262456	msctls_progress32	Progress1
2026-08-21 13:52:16	before	459040	Button	52
2026-08-21 13:52:16	before	393236	msctls_progress32	Progress1
2026-08-21 13:52:16	before	197230	Button	53
2026-08-21 13:52:16	before	262696	msctls_progress32	Progress1
2026-08-21 13:52:16	before	197224	Button	54
2026-08-21 13:52:16	before	1049546	msctls_progress32	Progress1
2026-08-21 13:52:16	before	196970	Button	55
2026-08-21 13:52:16	before	196934	msctls_progress32	Progress1
2026-08-21 13:52:16	before	462890	Button	56
2026-08-21 13:52:16	before	854204	msctls_progress32	Progress1
2026-08-21 13:52:16	before	3212732	Button	57
2026-08-21 13:52:16	before	266358	msctls_progress32	Progress1
2026-08-21 13:52:16	before	266350	Button	58
2026-08-21 13:52:16	before	266334	msctls_progress32	Progress1
2026-08-21 13:52:16	before	266326	Button	59
2026-08-21 13:52:16	before	266310	msctls_progress32	Progress1
2026-08-21 13:52:16	before	266302	Button	60
2026-08-21 13:52:16	before	197466	msctls_progress32	Progress1
2026-08-21 13:52:16	before	1574700	Button	61
2026-08-21 13:52:16	before	1967504	msctls_progress32	Progress1
2026-08-21 13:52:16	before	1312196	Button	62
2026-08-21 13:52:16	before	263814	msctls_progress32	Progress1
2026-08-21 13:52:16	before	201724	Button	63
2026-08-21 13:52:16	before	201788	msctls_progress32	Progress1
2026-08-21 13:52:16	before	201732	Button	64
2026-08-21 13:52:16	before	201756	msctls_progress32	Progress1
2026-08-21 13:52:16	before	463106	Button	65
2026-08-21 13:52:16	before	201784	msctls_progress32	Progress1
2026-08-21 13:52:16	before	201728	Button	66
2026-08-21 13:52:16	before	656202	msctls_progress32	Progress1
2026-08-21 13:52:16	before	327902	Button	67
2026-08-21 13:52:16	before	328546	msctls_progress32	Progress1
2026-08-21 13:52:16	before	459438	Button	68
2026-08-21 13:52:16	before	656126	msctls_progress32	Progress1
2026-08-21 13:52:16	before	1377814	Button	69
2026-08-21 13:52:16	before	590594	msctls_progress32	Progress1
2026-08-21 13:52:16	before	656392	Button	70
2026-08-21 13:52:16	before	393494	msctls_progress32	Progress1
2026-08-21 13:52:16	before	196836	Button	71
2026-08-21 13:52:16	before	984210	msctls_progress32	Progress1
2026-08-21 13:52:16	before	197856	Button	72
2026-08-21 13:52:16	before	197862	msctls_progress32	Progress1
2026-08-21 13:52:16	before	197852	Button	73
2026-08-21 13:52:16	before	197038	msctls_progress32	Progress1
2026-08-21 13:52:16	before	197028	Button	74
2026-08-21 13:52:16	before	328086	msctls_progress32	Progress1
2026-08-21 13:52:16	before	196990	Button	75
2026-08-21 13:52:16	before	262504	msctls_progress32	Progress1
2026-08-21 13:52:16	before	196952	Button	76
2026-08-21 13:52:16	before	1770968	msctls_progress32	Progress1
2026-08-21 13:52:16	before	1311492	Button	77
2026-08-21 13:52:16	before	197032	msctls_progress32	Progress1
2026-08-21 13:52:16	before	196930	Button	78
2026-08-21 13:52:16	before	2884992	msctls_progress32	Progress1
2026-08-21 13:52:16	before	525328	Button	79
2026-08-21 13:52:16	before	267284	msctls_progress32	Progress1
2026-08-21 13:52:16	before	525942	Button	80
2026-08-21 13:52:16	before	266338	msctls_progress32	Progress1
2026-08-21 13:52:16	before	266372	Button	All &Start
2026-08-21 13:52:16	before	266396	Button	All S&top
2026-08-21 13:52:16	before	266420	Button	Settings(&M)
2026-08-21 13:52:16	before	526552	Button	&Refresh
2026-08-21 13:52:16	before	461008	Button	&Eject
2026-08-21 13:52:16	before	1443772	Button	MP &Log
2026-08-21 13:52:16	before	264540	Button	Default
2026-08-21 13:52:16	before	264590	Button	Auto
2026-08-21 13:52:16	before	264596	Button	Manual
2026-08-21 13:52:16	before	264622	Button	Lock
2026-08-21 13:52:16	before	264824	Button	E2Prom
2026-08-21 13:52:16	before	264850	Button	Chinese
2026-08-21 13:52:16	before	264876	Button	English
2026-08-21 13:52:16	before	264904	Button	Big5
2026-08-21 13:52:16	before	264930	Button	&Exit
2026-08-21 13:52:16	before	264956	Button	Lock Disk
2026-08-21 13:52:16	before	264982	Button	Language
2026-08-21 13:52:16	before	265188	Button	Test
2026-08-21 13:52:16	before	265214	Static	V7200(24-11-20)
2026-08-21 13:52:16	before	265292	Static	Language
2026-08-21 13:52:16	before	264668	Static	Lock Disk
2026-08-21 13:52:16	before	264694	Static	NumberOfPorts
2026-08-21 13:52:16	before	264776	Button	AutoStart
2026-08-21 13:52:16	before	264802	Button	AutoRefresh
2026-08-21 13:52:16	before	0	USB_DISK_INFO	C|LFG118J003676       _00000001.|||NVMe FORESEE P900F128GH|SCSI|SCSI\DISK&VEN_NVME&PROD_FORESEE_P900F128\4&4E4E240&0&030000
2026-08-21 13:52:16	before	0	USB_DISK_INFO	||||ChipsBnk Flash Disk USB Device|USB|USBSTOR\DISK&VEN_CHIPSBNK&PROD_FLASH_DISK&REV_5.00\8&22181FBB&0
2026-08-21 13:52:16	before	0	USB_DISK_INFO	||||ChipsBnk Flash Disk USB Device|USB|USBSTOR\DISK&VEN_CHIPSBNK&PROD_FLASH_DISK&REV_5.00\8&2F1FA0C3&0
2026-08-21 13:52:16	before	0	USB_DISK_INFO	||||ChipsBnk Flash Disk USB Device|USB|USBSTOR\DISK&VEN_CHIPSBNK&PROD_FLASH_DISK&REV_5.00\8&781D82E&0
2026-08-21 13:52:16	before	0	USB_DISK_INFO	||||ChipsBnk Flash Disk USB Device|USB|USBSTOR\DISK&VEN_CHIPSBNK&PROD_FLASH_DISK&REV_5.00\8&3B8DE919&0
2026-08-21 13:52:16	before	0	USB_DISK_INFO	||||ChipsBnk Flash Disk USB Device|USB|USBSTOR\DISK&VEN_CHIPSBNK&PROD_FLASH_DISK&REV_5.00\8&CD3527B&0
2026-08-21 13:52:16	before	0	USB_DISK_INFO	||||ChipsBnk Flash Disk USB Device|USB|USBSTOR\DISK&VEN_CHIPSBNK&PROD_FLASH_DISK&REV_5.00\8&B81707E&0
2026-08-21 13:52:16	before	0	USB_DISK_INFO	||||ChipsBnk Flash Disk USB Device|USB|USBSTOR\DISK&VEN_CHIPSBNK&PROD_FLASH_DISK&REV_5.00\8&333DCDA7&0
2026-08-21 13:52:55	after	331180	Edit	Unknown
2026-08-21 13:52:55	after	331196	Edit	0
2026-08-21 13:52:55	after	331198	Edit	High scan 1 Scanned Flash Saving param
2026-08-21 13:52:55	after	331202	Edit	05-K, Bin8, 960M,CE:1 [A], ID:2C44444BA9
2026-08-21 13:52:55	after	331204	Static	IC Type:
2026-08-21 13:52:55	after	724538	Static	Settings:
2026-08-21 13:52:55	after	724828	Static	Eject Info:
2026-08-21 13:52:55	after	855540	Static	2199EST
2026-08-21 13:52:55	after	1248796	Static	Count:
2026-08-21 13:52:55	after	2231972	Static	Other
2026-08-21 13:52:55	after	1117862	Static	2199S
2026-08-21 13:52:55	after	1377768	Static	2199EB
2026-08-21 13:52:55	after	331178	Static	2199ESB
2026-08-21 13:52:55	after	331186	Static	2199ES
2026-08-21 13:52:55	after	331210	Static	2199EE
2026-08-21 13:52:55	after	1639986	Button	01
2026-08-21 13:52:55	after	396688	msctls_progress32	Bin8, 960M
2026-08-21 13:52:55	after	331222	Edit	Bin8, 960M,CE:1 [A]
2026-08-21 13:52:55	after	331224	Edit	ID:2C44444BA9
2026-08-21 13:52:55	after	396678	Edit	MT29F32G08CBABA
2026-08-21 13:52:55	after	331176	msctls_progress32	S
2026-08-21 13:52:55	after	331174	msctls_progress32	Progress1
2026-08-21 13:52:55	after	265622	Button	02
2026-08-21 13:52:55	after	265620	msctls_progress32	Bin8, 960M
2026-08-21 13:52:55	after	265618	Edit	Bin8, 960M,CE:1 [A]
2026-08-21 13:52:55	after	328820	Edit	ID:2C44444BA9
2026-08-21 13:52:55	after	656708	Edit	MT29F32G08CBABA
2026-08-21 13:52:55	after	459986	msctls_progress32	S
2026-08-21 13:52:55	after	852752	msctls_progress32	Progress1
2026-08-21 13:52:55	after	1115836	Button	03
2026-08-21 13:52:55	after	3081734	msctls_progress32	Bin8, 960M
2026-08-21 13:52:55	after	1574364	Edit	Bin8, 960M,CE:1 [A]
2026-08-21 13:52:55	after	459498	Edit	ID:2C44444BA9
2026-08-21 13:52:55	after	393956	Edit	MT29F32G08CBABA
2026-08-21 13:52:55	after	393706	msctls_progress32	S
2026-08-21 13:52:55	after	655624	msctls_progress32	Progress1
2026-08-21 13:52:55	after	459846	Button	04
2026-08-21 13:52:55	after	2295858	msctls_progress32	Bin8, 960M
2026-08-21 13:52:55	after	1443440	Edit	Bin8, 960M,CE:1 [A]
2026-08-21 13:52:55	after	394336	Edit	ID:2C44444BA9
2026-08-21 13:52:55	after	524938	Edit	MT29F32G08CBABA
2026-08-21 13:52:55	after	591486	msctls_progress32	S
2026-08-21 13:52:55	after	1508618	msctls_progress32	Progress1
2026-08-21 13:52:55	after	265630	Button	05
2026-08-21 13:52:55	after	265602	msctls_progress32	Bin8, 960M
2026-08-21 13:52:55	after	265600	Edit	Bin8, 960M,CE:1 [A]
2026-08-21 13:52:55	after	265598	Edit	ID:2C44444BA9
2026-08-21 13:52:55	after	265596	Edit	MT29F32G08CBABA
2026-08-21 13:52:55	after	265592	msctls_progress32	S
2026-08-21 13:52:55	after	265590	msctls_progress32	Progress1
2026-08-21 13:52:55	after	265576	Button	06
2026-08-21 13:52:55	after	265574	msctls_progress32	Bin7, 1920
2026-08-21 13:52:55	after	265572	Edit	Bin7, 1920M(2124M),CE:1 [A]
2026-08-21 13:52:55	after	265570	Edit	ID:2C44444BA9
2026-08-21 13:52:55	after	265568	Edit	MT29F32G08CBABA
2026-08-21 13:52:55	after	265564	msctls_progress32	S
2026-08-21 13:52:55	after	265556	msctls_progress32	Progress1
2026-08-21 13:52:55	after	265548	Button	07
2026-08-21 13:52:55	after	265546	msctls_progress32	Bin8, 960M
2026-08-21 13:52:55	after	265544	Edit	Bin8, 960M,CE:1 [A]
2026-08-21 13:52:55	after	265542	Edit	ID:2C44444BA9
2026-08-21 13:52:55	after	265518	Edit	MT29F32G08CBABA
2026-08-21 13:52:55	after	265136	msctls_progress32	S
2026-08-21 13:52:55	after	265158	msctls_progress32	Progress1
2026-08-21 13:52:55	after	265150	Button	08
2026-08-21 13:52:55	after	265148	msctls_progress32	Bin8, 960M
2026-08-21 13:52:55	after	265146	Edit	Bin8, 960M,CE:1 [A]
2026-08-21 13:52:55	after	265122	Edit	ID:2C44444BA9
2026-08-21 13:52:55	after	265162	Edit	MT29F32G08CBABA
2026-08-21 13:52:55	after	265132	msctls_progress32	S
2026-08-21 13:52:55	after	265130	msctls_progress32	Progress1
2026-08-21 13:52:55	after	265100	Button	25
2026-08-21 13:52:55	after	265102	msctls_progress32	Progress1
2026-08-21 13:52:55	after	265114	Button	26
2026-08-21 13:52:55	after	265072	msctls_progress32	Progress1
2026-08-21 13:52:55	after	265062	Button	27
2026-08-21 13:52:55	after	265066	msctls_progress32	Progress1
2026-08-21 13:52:55	after	265036	Button	28
2026-08-21 13:52:55	after	265016	msctls_progress32	Progress1
2026-08-21 13:52:55	after	264804	Button	29
2026-08-21 13:52:55	after	264810	msctls_progress32	Progress1
2026-08-21 13:52:55	after	264800	Button	30
2026-08-21 13:52:55	after	264782	msctls_progress32	Progress1
2026-08-21 13:52:55	after	264748	Button	31
2026-08-21 13:52:55	after	264754	msctls_progress32	Progress1
2026-08-21 13:52:55	after	264740	Button	32
2026-08-21 13:52:55	after	264696	msctls_progress32	Progress1
2026-08-21 13:52:55	after	264712	Button	09
2026-08-21 13:52:55	after	264710	msctls_progress32	Bin7, 1920
2026-08-21 13:52:55	after	264708	Edit	Bin7, 1920M(2109M),CE:1 [A]
2026-08-21 13:52:55	after	264706	Edit	ID:2C44444BA9
2026-08-21 13:52:55	after	264682	Edit	MT29F32G08CBABA
2026-08-21 13:52:55	after	264670	msctls_progress32	S
2026-08-21 13:52:55	after	264692	msctls_progress32	Progress1
2026-08-21 13:52:55	after	264684	Button	10
2026-08-21 13:52:55	after	264664	msctls_progress32	Progress1
2026-08-21 13:52:55	after	264654	Button	11
2026-08-21 13:52:55	after	264674	msctls_progress32	Bin6, 3840
2026-08-21 13:52:55	after	264648	Edit	Bin6, 3840M(4075M),CE:2 [A]
2026-08-21 13:52:55	after	264646	Edit	ID:2C44444BA9
2026-08-21 13:52:55	after	265322	Edit	MT29F32G08CBABA
2026-08-21 13:52:55	after	265320	msctls_progress32	S
2026-08-21 13:52:55	after	265338	msctls_progress32	Progress1
2026-08-21 13:52:55	after	265328	Button	12
2026-08-21 13:52:55	after	265326	msctls_progress32	Bin7, 1920
2026-08-21 13:52:55	after	265324	Edit	Bin7, 1920M(2120M),CE:1 [A]
2026-08-21 13:52:55	after	265294	Edit	ID:2C44444BA9
2026-08-21 13:52:55	after	265316	Edit	MT29F32G08CBABA
2026-08-21 13:52:55	after	265312	msctls_progress32	S
2026-08-21 13:52:55	after	265310	msctls_progress32	Progress1
2026-08-21 13:52:55	after	265300	Button	13
2026-08-21 13:52:55	after	265280	msctls_progress32	Progress1
2026-08-21 13:52:55	after	265270	Button	14
2026-08-21 13:52:55	after	265250	msctls_progress32	Progress1
2026-08-21 13:52:55	after	265216	Button	15
2026-08-21 13:52:55	after	265222	msctls_progress32	Progress1
2026-08-21 13:52:55	after	265234	Button	16
2026-08-21 13:52:55	after	265194	msctls_progress32	Progress1
2026-08-21 13:52:55	after	265180	Button	33
2026-08-21 13:52:55	after	264968	msctls_progress32	Progress1
2026-08-21 13:52:55	after	264976	Button	34
2026-08-21 13:52:55	after	264932	msctls_progress32	Progress1
2026-08-21 13:52:55	after	264948	Button	35
2026-08-21 13:52:55	after	264928	msctls_progress32	Progress1
2026-08-21 13:52:55	after	264918	Button	36
2026-08-21 13:52:55	after	264898	msctls_progress32	Progress1
2026-08-21 13:52:55	after	264912	Button	37
2026-08-21 13:52:55	after	264870	msctls_progress32	Progress1
2026-08-21 13:52:55	after	264860	Button	38
2026-08-21 13:52:55	after	264864	msctls_progress32	Progress1
2026-08-21 13:52:55	after	264830	Button	39
2026-08-21 13:52:55	after	264634	msctls_progress32	Progress1
2026-08-21 13:52:55	after	264626	Button	40
2026-08-21 13:52:55	after	264606	msctls_progress32	Progress1
2026-08-21 13:52:55	after	264550	Button	17
2026-08-21 13:52:55	after	264578	msctls_progress32	Progress1
2026-08-21 13:52:55	after	264564	Button	18
2026-08-21 13:52:55	after	395590	msctls_progress32	Progress1
2026-08-21 13:52:55	after	264536	Button	19
2026-08-21 13:52:55	after	264542	msctls_progress32	Progress1
2026-08-21 13:52:55	after	395572	Button	20
2026-08-21 13:52:55	after	461116	msctls_progress32	Progress1
2026-08-21 13:52:55	after	591808	Button	21
2026-08-21 13:52:55	after	266442	msctls_progress32	Progress1
2026-08-21 13:52:55	after	266434	Button	22
2026-08-21 13:52:55	after	266416	msctls_progress32	Progress1
2026-08-21 13:52:55	after	266428	Button	23
2026-08-21 13:52:55	after	266390	msctls_progress32	Progress1
2026-08-21 13:52:55	after	266380	Button	24
2026-08-21 13:52:55	after	266384	msctls_progress32	Progress1
2026-08-21 13:52:55	after	1246110	Button	41
2026-08-21 13:52:55	after	1049542	msctls_progress32	Progress1
2026-08-21 13:52:55	after	4851236	Button	42
2026-08-21 13:52:55	after	1312224	msctls_progress32	Progress1
2026-08-21 13:52:55	after	197440	Button	43
2026-08-21 13:52:55	after	1181020	msctls_progress32	Progress1
2026-08-21 13:52:55	after	197460	Button	44
2026-08-21 13:52:55	after	1115572	msctls_progress32	Progress1
2026-08-21 13:52:55	after	917624	Button	45
2026-08-21 13:52:55	after	197448	msctls_progress32	Progress1
2026-08-21 13:52:55	after	267298	Button	46
2026-08-21 13:52:55	after	267236	msctls_progress32	Progress1
2026-08-21 13:52:55	after	267308	Button	47
2026-08-21 13:52:55	after	201734	msctls_progress32	Progress1
2026-08-21 13:52:55	after	201708	Button	48
2026-08-21 13:52:55	after	787344	msctls_progress32	Progress1
2026-08-21 13:52:55	after	591194	Button	49
2026-08-21 13:52:55	after	984566	msctls_progress32	Progress1
2026-08-21 13:52:55	after	983920	Button	50
2026-08-21 13:52:55	after	263564	msctls_progress32	Progress1
2026-08-21 13:52:55	after	197232	Button	51
2026-08-21 13:52:55	after	262456	msctls_progress32	Progress1
2026-08-21 13:52:55	after	459040	Button	52
2026-08-21 13:52:55	after	393236	msctls_progress32	Progress1
2026-08-21 13:52:55	after	197230	Button	53
2026-08-21 13:52:55	after	262696	msctls_progress32	Progress1
2026-08-21 13:52:55	after	197224	Button	54
2026-08-21 13:52:55	after	1049546	msctls_progress32	Progress1
2026-08-21 13:52:55	after	196970	Button	55
2026-08-21 13:52:55	after	196934	msctls_progress32	Progress1
2026-08-21 13:52:55	after	462890	Button	56
2026-08-21 13:52:55	after	854204	msctls_progress32	Progress1
2026-08-21 13:52:55	after	3212732	Button	57
2026-08-21 13:52:55	after	266358	msctls_progress32	Progress1
2026-08-21 13:52:55	after	266350	Button	58
2026-08-21 13:52:55	after	266334	msctls_progress32	Progress1
2026-08-21 13:52:55	after	266326	Button	59
2026-08-21 13:52:55	after	266310	msctls_progress32	Progress1
2026-08-21 13:52:55	after	266302	Button	60
2026-08-21 13:52:55	after	197466	msctls_progress32	Progress1
2026-08-21 13:52:55	after	1574700	Button	61
2026-08-21 13:52:55	after	1967504	msctls_progress32	Progress1
2026-08-21 13:52:55	after	1312196	Button	62
2026-08-21 13:52:55	after	263814	msctls_progress32	Progress1
2026-08-21 13:52:55	after	201724	Button	63
2026-08-21 13:52:55	after	201788	msctls_progress32	Progress1
2026-08-21 13:52:55	after	201732	Button	64
2026-08-21 13:52:55	after	201756	msctls_progress32	Progress1
2026-08-21 13:52:55	after	463106	Button	65
2026-08-21 13:52:55	after	201784	msctls_progress32	Progress1
2026-08-21 13:52:55	after	201728	Button	66
2026-08-21 13:52:55	after	656202	msctls_progress32	Progress1
2026-08-21 13:52:55	after	327902	Button	67
2026-08-21 13:52:55	after	328546	msctls_progress32	Progress1
2026-08-21 13:52:55	after	459438	Button	68
2026-08-21 13:52:55	after	656126	msctls_progress32	Progress1
2026-08-21 13:52:55	after	1377814	Button	69
2026-08-21 13:52:55	after	590594	msctls_progress32	Progress1
2026-08-21 13:52:55	after	656392	Button	70
2026-08-21 13:52:55	after	393494	msctls_progress32	Progress1
2026-08-21 13:52:55	after	196836	Button	71
2026-08-21 13:52:55	after	984210	msctls_progress32	Progress1
2026-08-21 13:52:55	after	197856	Button	72
2026-08-21 13:52:55	after	197862	msctls_progress32	Progress1
2026-08-21 13:52:55	after	197852	Button	73
2026-08-21 13:52:55	after	197038	msctls_progress32	Progress1
2026-08-21 13:52:55	after	197028	Button	74
2026-08-21 13:52:55	after	328086	msctls_progress32	Progress1
2026-08-21 13:52:55	after	196990	Button	75
2026-08-21 13:52:55	after	262504	msctls_progress32	Progress1
2026-08-21 13:52:55	after	196952	Button	76
2026-08-21 13:52:55	after	1770968	msctls_progress32	Progress1
2026-08-21 13:52:55	after	1311492	Button	77
2026-08-21 13:52:55	after	197032	msctls_progress32	Progress1
2026-08-21 13:52:55	after	196930	Button	78
2026-08-21 13:52:55	after	2884992	msctls_progress32	Progress1
2026-08-21 13:52:55	after	525328	Button	79
2026-08-21 13:52:55	after	267284	msctls_progress32	Progress1
2026-08-21 13:52:55	after	525942	Button	80
2026-08-21 13:52:55	after	266338	msctls_progress32	Progress1
2026-08-21 13:52:55	after	266372	Button	All &Start
2026-08-21 13:52:55	after	266396	Button	All S&top
2026-08-21 13:52:55	after	266420	Button	Settings(&M)
2026-08-21 13:52:55	after	526552	Button	&Refresh
2026-08-21 13:52:55	after	461008	Button	&Eject
2026-08-21 13:52:55	after	1443772	Button	MP &Log
2026-08-21 13:52:55	after	264540	Button	Default
2026-08-21 13:52:55	after	264590	Button	Auto
2026-08-21 13:52:55	after	264596	Button	Manual
2026-08-21 13:52:55	after	264622	Button	Lock
2026-08-21 13:52:55	after	264824	Button	E2Prom
2026-08-21 13:52:55	after	264850	Button	Chinese
2026-08-21 13:52:55	after	264876	Button	English
2026-08-21 13:52:55	after	264904	Button	Big5
2026-08-21 13:52:55	after	264930	Button	&Exit
2026-08-21 13:52:55	after	264956	Button	Lock Disk
2026-08-21 13:52:55	after	264982	Button	Language
2026-08-21 13:52:55	after	265188	Button	Test
2026-08-21 13:52:55	after	265214	Static	V7200(24-11-20)
2026-08-21 13:52:55	after	265292	Static	Language
2026-08-21 13:52:55	after	264668	Static	Lock Disk
2026-08-21 13:52:55	after	264694	Static	NumberOfPorts
2026-08-21 13:52:55	after	264776	Button	AutoStart
2026-08-21 13:52:55	after	264802	Button	AutoRefresh
2026-08-21 13:52:55	after	0	USB_DISK_INFO	C|LFG118J003676       _00000001.|||NVMe FORESEE P900F128GH|SCSI|SCSI\DISK&VEN_NVME&PROD_FORESEE_P900F128\4&4E4E240&0&030000
2026-08-21 13:53:27	before	331180	Edit	2199ESB
2026-08-21 13:53:27	before	331196	Edit	3
2026-08-21 13:53:27	before	331198	Edit	High scan 1 Scanned Flash Saving param
2026-08-21 13:53:27	before	331202	Edit	05-K, Bin8, 960M,CE:1 [A], ID:2C44444BA9
2026-08-21 13:53:27	before	331204	Static	IC Type:
2026-08-21 13:53:27	before	724538	Static	Settings:
2026-08-21 13:53:27	before	724828	Static	Eject Info:
2026-08-21 13:53:27	before	855540	Static	2199EST
2026-08-21 13:53:27	before	1248796	Static	Count:
2026-08-21 13:53:27	before	2231972	Static	Other
2026-08-21 13:53:27	before	1117862	Static	2199S
2026-08-21 13:53:27	before	1377768	Static	2199EB
2026-08-21 13:53:27	before	331178	Static	2199ESB
2026-08-21 13:53:27	before	331186	Static	2199ES
2026-08-21 13:53:27	before	331210	Static	2199EE
2026-08-21 13:53:27	before	1639986	Button	01
2026-08-21 13:53:27	before	396688	msctls_progress32	Bin8, 960M
2026-08-21 13:53:27	before	331222	Edit	Bin8, 960M,CE:1 [A]
2026-08-21 13:53:27	before	331224	Edit	ID:2C44444BA9
2026-08-21 13:53:27	before	396678	Edit	MT29F32G08CBABA
2026-08-21 13:53:27	before	331176	msctls_progress32	S
2026-08-21 13:53:27	before	331174	msctls_progress32	Progress1
2026-08-21 13:53:27	before	265622	Button	02-F
2026-08-21 13:53:27	before	265620	msctls_progress32	Bin8, 960M
2026-08-21 13:53:27	before	265618	Edit	Bin8, 960M,CE:1 [A]
2026-08-21 13:53:27	before	328820	Edit	ID:2C44444BA9
2026-08-21 13:53:27	before	656708	Edit	MT29F32G08CBABA
2026-08-21 13:53:27	before	459986	msctls_progress32	S
2026-08-21 13:53:27	before	852752	msctls_progress32	Progress1
2026-08-21 13:53:27	before	1115836	Button	03-E
2026-08-21 13:53:27	before	3081734	msctls_progress32	Bin8, 960M
2026-08-21 13:53:27	before	1574364	Edit	Bin8, 960M,CE:1 [A]
2026-08-21 13:53:27	before	459498	Edit	ID:2C44444BA9
2026-08-21 13:53:27	before	393956	Edit	MT29F32G08CBABA
2026-08-21 13:53:27	before	393706	msctls_progress32	S
2026-08-21 13:53:27	before	655624	msctls_progress32	Progress1
2026-08-21 13:53:27	before	459846	Button	04-D
2026-08-21 13:53:27	before	2295858	msctls_progress32	Bin8, 960M
2026-08-21 13:53:27	before	1443440	Edit	Bin8, 960M,CE:1 [A]
2026-08-21 13:53:27	before	394336	Edit	ID:2C44444BA9
2026-08-21 13:53:27	before	524938	Edit	MT29F32G08CBABA
2026-08-21 13:53:27	before	591486	msctls_progress32	S
2026-08-21 13:53:27	before	1508618	msctls_progress32	Progress1
2026-08-21 13:53:27	before	265630	Button	05
2026-08-21 13:53:27	before	265602	msctls_progress32	Bin8, 960M
2026-08-21 13:53:27	before	265600	Edit	Bin8, 960M,CE:1 [A]
2026-08-21 13:53:27	before	265598	Edit	ID:2C44444BA9
2026-08-21 13:53:27	before	265596	Edit	MT29F32G08CBABA
2026-08-21 13:53:27	before	265592	msctls_progress32	S
2026-08-21 13:53:27	before	265590	msctls_progress32	Progress1
2026-08-21 13:53:27	before	265576	Button	06
2026-08-21 13:53:27	before	265574	msctls_progress32	Bin7, 1920
2026-08-21 13:53:27	before	265572	Edit	Bin7, 1920M(2124M),CE:1 [A]
2026-08-21 13:53:27	before	265570	Edit	ID:2C44444BA9
2026-08-21 13:53:27	before	265568	Edit	MT29F32G08CBABA
2026-08-21 13:53:27	before	265564	msctls_progress32	S
2026-08-21 13:53:27	before	265556	msctls_progress32	Progress1
2026-08-21 13:53:27	before	265548	Button	07
2026-08-21 13:53:27	before	265546	msctls_progress32	Bin8, 960M
2026-08-21 13:53:27	before	265544	Edit	Bin8, 960M,CE:1 [A]
2026-08-21 13:53:27	before	265542	Edit	ID:2C44444BA9
2026-08-21 13:53:27	before	265518	Edit	MT29F32G08CBABA
2026-08-21 13:53:27	before	265136	msctls_progress32	S
2026-08-21 13:53:27	before	265158	msctls_progress32	Progress1
2026-08-21 13:53:27	before	265150	Button	08
2026-08-21 13:53:27	before	265148	msctls_progress32	Bin8, 960M
2026-08-21 13:53:27	before	265146	Edit	Bin8, 960M,CE:1 [A]
2026-08-21 13:53:27	before	265122	Edit	ID:2C44444BA9
2026-08-21 13:53:27	before	265162	Edit	MT29F32G08CBABA
2026-08-21 13:53:27	before	265132	msctls_progress32	S
2026-08-21 13:53:27	before	265130	msctls_progress32	Progress1
2026-08-21 13:53:27	before	265100	Button	25
2026-08-21 13:53:27	before	265102	msctls_progress32	Progress1
2026-08-21 13:53:27	before	265114	Button	26
2026-08-21 13:53:27	before	265072	msctls_progress32	Progress1
2026-08-21 13:53:27	before	265062	Button	27
2026-08-21 13:53:27	before	265066	msctls_progress32	Progress1
2026-08-21 13:53:27	before	265036	Button	28
2026-08-21 13:53:27	before	265016	msctls_progress32	Progress1
2026-08-21 13:53:27	before	264804	Button	29
2026-08-21 13:53:27	before	264810	msctls_progress32	Progress1
2026-08-21 13:53:27	before	264800	Button	30
2026-08-21 13:53:27	before	264782	msctls_progress32	Progress1
2026-08-21 13:53:27	before	264748	Button	31
2026-08-21 13:53:27	before	264754	msctls_progress32	Progress1
2026-08-21 13:53:27	before	264740	Button	32
2026-08-21 13:53:27	before	264696	msctls_progress32	Progress1
2026-08-21 13:53:27	before	264712	Button	09
2026-08-21 13:53:27	before	264710	msctls_progress32	Bin7, 1920
2026-08-21 13:53:27	before	264708	Edit	Bin7, 1920M(2109M),CE:1 [A]
2026-08-21 13:53:27	before	264706	Edit	ID:2C44444BA9
2026-08-21 13:53:27	before	264682	Edit	MT29F32G08CBABA
2026-08-21 13:53:27	before	264670	msctls_progress32	S
2026-08-21 13:53:27	before	264692	msctls_progress32	Progress1
2026-08-21 13:53:27	before	264684	Button	10
2026-08-21 13:53:27	before	264664	msctls_progress32	Progress1
2026-08-21 13:53:27	before	264654	Button	11
2026-08-21 13:53:27	before	264674	msctls_progress32	Bin6, 3840
2026-08-21 13:53:27	before	264648	Edit	Bin6, 3840M(4075M),CE:2 [A]
2026-08-21 13:53:27	before	264646	Edit	ID:2C44444BA9
2026-08-21 13:53:27	before	265322	Edit	MT29F32G08CBABA
2026-08-21 13:53:27	before	265320	msctls_progress32	S
2026-08-21 13:53:27	before	265338	msctls_progress32	Progress1
2026-08-21 13:53:27	before	265328	Button	12
2026-08-21 13:53:27	before	265326	msctls_progress32	Bin7, 1920
2026-08-21 13:53:27	before	265324	Edit	Bin7, 1920M(2120M),CE:1 [A]
2026-08-21 13:53:27	before	265294	Edit	ID:2C44444BA9
2026-08-21 13:53:27	before	265316	Edit	MT29F32G08CBABA
2026-08-21 13:53:27	before	265312	msctls_progress32	S
2026-08-21 13:53:27	before	265310	msctls_progress32	Progress1
2026-08-21 13:53:27	before	265300	Button	13
2026-08-21 13:53:27	before	265280	msctls_progress32	Progress1
2026-08-21 13:53:27	before	265270	Button	14
2026-08-21 13:53:27	before	265250	msctls_progress32	Progress1
2026-08-21 13:53:27	before	265216	Button	15
2026-08-21 13:53:27	before	265222	msctls_progress32	Progress1
2026-08-21 13:53:27	before	265234	Button	16
2026-08-21 13:53:27	before	265194	msctls_progress32	Progress1
2026-08-21 13:53:27	before	265180	Button	33
2026-08-21 13:53:27	before	264968	msctls_progress32	Progress1
2026-08-21 13:53:27	before	264976	Button	34
2026-08-21 13:53:27	before	264932	msctls_progress32	Progress1
2026-08-21 13:53:27	before	264948	Button	35
2026-08-21 13:53:27	before	264928	msctls_progress32	Progress1
2026-08-21 13:53:27	before	264918	Button	36
2026-08-21 13:53:27	before	264898	msctls_progress32	Progress1
2026-08-21 13:53:27	before	264912	Button	37
2026-08-21 13:53:27	before	264870	msctls_progress32	Progress1
2026-08-21 13:53:27	before	264860	Button	38
2026-08-21 13:53:27	before	264864	msctls_progress32	Progress1
2026-08-21 13:53:27	before	264830	Button	39
2026-08-21 13:53:27	before	264634	msctls_progress32	Progress1
2026-08-21 13:53:27	before	264626	Button	40
2026-08-21 13:53:27	before	264606	msctls_progress32	Progress1
2026-08-21 13:53:27	before	264550	Button	17
2026-08-21 13:53:27	before	264578	msctls_progress32	Progress1
2026-08-21 13:53:27	before	264564	Button	18
2026-08-21 13:53:27	before	395590	msctls_progress32	Progress1
2026-08-21 13:53:27	before	264536	Button	19
2026-08-21 13:53:27	before	264542	msctls_progress32	Progress1
2026-08-21 13:53:27	before	395572	Button	20
2026-08-21 13:53:27	before	461116	msctls_progress32	Progress1
2026-08-21 13:53:27	before	591808	Button	21
2026-08-21 13:53:27	before	266442	msctls_progress32	Progress1
2026-08-21 13:53:27	before	266434	Button	22
2026-08-21 13:53:27	before	266416	msctls_progress32	Progress1
2026-08-21 13:53:27	before	266428	Button	23
2026-08-21 13:53:27	before	266390	msctls_progress32	Progress1
2026-08-21 13:53:27	before	266380	Button	24
2026-08-21 13:53:27	before	266384	msctls_progress32	Progress1
2026-08-21 13:53:27	before	1246110	Button	41
2026-08-21 13:53:27	before	1049542	msctls_progress32	Progress1
2026-08-21 13:53:27	before	4851236	Button	42
2026-08-21 13:53:27	before	1312224	msctls_progress32	Progress1
2026-08-21 13:53:27	before	197440	Button	43
2026-08-21 13:53:27	before	1181020	msctls_progress32	Progress1
2026-08-21 13:53:27	before	197460	Button	44
2026-08-21 13:53:27	before	1115572	msctls_progress32	Progress1
2026-08-21 13:53:27	before	917624	Button	45
2026-08-21 13:53:27	before	197448	msctls_progress32	Progress1
2026-08-21 13:53:27	before	267298	Button	46
2026-08-21 13:53:27	before	267236	msctls_progress32	Progress1
2026-08-21 13:53:27	before	267308	Button	47
2026-08-21 13:53:27	before	201734	msctls_progress32	Progress1
2026-08-21 13:53:27	before	201708	Button	48
2026-08-21 13:53:27	before	787344	msctls_progress32	Progress1
2026-08-21 13:53:27	before	591194	Button	49
2026-08-21 13:53:27	before	984566	msctls_progress32	Progress1
2026-08-21 13:53:27	before	983920	Button	50
2026-08-21 13:53:27	before	263564	msctls_progress32	Progress1
2026-08-21 13:53:27	before	197232	Button	51
2026-08-21 13:53:27	before	262456	msctls_progress32	Progress1
2026-08-21 13:53:27	before	459040	Button	52
2026-08-21 13:53:27	before	393236	msctls_progress32	Progress1
2026-08-21 13:53:27	before	197230	Button	53
2026-08-21 13:53:27	before	262696	msctls_progress32	Progress1
2026-08-21 13:53:27	before	197224	Button	54
2026-08-21 13:53:27	before	1049546	msctls_progress32	Progress1
2026-08-21 13:53:27	before	196970	Button	55
2026-08-21 13:53:27	before	196934	msctls_progress32	Progress1
2026-08-21 13:53:27	before	462890	Button	56
2026-08-21 13:53:27	before	854204	msctls_progress32	Progress1
2026-08-21 13:53:27	before	3212732	Button	57
2026-08-21 13:53:27	before	266358	msctls_progress32	Progress1
2026-08-21 13:53:27	before	266350	Button	58
2026-08-21 13:53:27	before	266334	msctls_progress32	Progress1
2026-08-21 13:53:27	before	266326	Button	59
2026-08-21 13:53:27	before	266310	msctls_progress32	Progress1
2026-08-21 13:53:27	before	266302	Button	60
2026-08-21 13:53:27	before	197466	msctls_progress32	Progress1
2026-08-21 13:53:27	before	1574700	Button	61
2026-08-21 13:53:27	before	1967504	msctls_progress32	Progress1
2026-08-21 13:53:27	before	1312196	Button	62
2026-08-21 13:53:27	before	263814	msctls_progress32	Progress1
2026-08-21 13:53:27	before	201724	Button	63
2026-08-21 13:53:27	before	201788	msctls_progress32	Progress1
2026-08-21 13:53:27	before	201732	Button	64
2026-08-21 13:53:27	before	201756	msctls_progress32	Progress1
2026-08-21 13:53:27	before	463106	Button	65
2026-08-21 13:53:27	before	201784	msctls_progress32	Progress1
2026-08-21 13:53:27	before	201728	Button	66
2026-08-21 13:53:27	before	656202	msctls_progress32	Progress1
2026-08-21 13:53:27	before	327902	Button	67
2026-08-21 13:53:27	before	328546	msctls_progress32	Progress1
2026-08-21 13:53:27	before	459438	Button	68
2026-08-21 13:53:27	before	656126	msctls_progress32	Progress1
2026-08-21 13:53:27	before	1377814	Button	69
2026-08-21 13:53:27	before	590594	msctls_progress32	Progress1
2026-08-21 13:53:27	before	656392	Button	70
2026-08-21 13:53:27	before	393494	msctls_progress32	Progress1
2026-08-21 13:53:27	before	196836	Button	71
2026-08-21 13:53:27	before	984210	msctls_progress32	Progress1
2026-08-21 13:53:27	before	197856	Button	72
2026-08-21 13:53:27	before	197862	msctls_progress32	Progress1
2026-08-21 13:53:27	before	197852	Button	73
2026-08-21 13:53:27	before	197038	msctls_progress32	Progress1
2026-08-21 13:53:27	before	197028	Button	74
2026-08-21 13:53:27	before	328086	msctls_progress32	Progress1
2026-08-21 13:53:27	before	196990	Button	75
2026-08-21 13:53:27	before	262504	msctls_progress32	Progress1
2026-08-21 13:53:27	before	196952	Button	76
2026-08-21 13:53:27	before	1770968	msctls_progress32	Progress1
2026-08-21 13:53:27	before	1311492	Button	77
2026-08-21 13:53:27	before	197032	msctls_progress32	Progress1
2026-08-21 13:53:27	before	196930	Button	78
2026-08-21 13:53:27	before	2884992	msctls_progress32	Progress1
2026-08-21 13:53:27	before	525328	Button	79
2026-08-21 13:53:27	before	267284	msctls_progress32	Progress1
2026-08-21 13:53:27	before	525942	Button	80
2026-08-21 13:53:27	before	266338	msctls_progress32	Progress1
2026-08-21 13:53:27	before	266372	Button	All &Start
2026-08-21 13:53:27	before	266396	Button	All S&top
2026-08-21 13:53:27	before	266420	Button	Settings(&M)
2026-08-21 13:53:27	before	526552	Button	&Refresh
2026-08-21 13:53:27	before	461008	Button	&Eject
2026-08-21 13:53:27	before	1443772	Button	MP &Log
2026-08-21 13:53:27	before	264540	Button	Default
2026-08-21 13:53:27	before	264590	Button	Auto
2026-08-21 13:53:27	before	264596	Button	Manual
2026-08-21 13:53:27	before	264622	Button	Lock
2026-08-21 13:53:27	before	264824	Button	E2Prom
2026-08-21 13:53:27	before	264850	Button	Chinese
2026-08-21 13:53:27	before	264876	Button	English
2026-08-21 13:53:27	before	264904	Button	Big5
2026-08-21 13:53:27	before	264930	Button	&Exit
2026-08-21 13:53:27	before	264956	Button	Lock Disk
2026-08-21 13:53:27	before	264982	Button	Language
2026-08-21 13:53:27	before	265188	Button	Test
2026-08-21 13:53:27	before	265214	Static	V7200(24-11-20)
2026-08-21 13:53:27	before	265292	Static	Language
2026-08-21 13:53:27	before	264668	Static	Lock Disk
2026-08-21 13:53:27	before	264694	Static	NumberOfPorts
2026-08-21 13:53:27	before	264776	Button	AutoStart
2026-08-21 13:53:27	before	264802	Button	AutoRefresh
2026-08-21 13:53:27	before	0	USB_DISK_INFO	C|LFG118J003676       _00000001.|||NVMe FORESEE P900F128GH|SCSI|SCSI\DISK&VEN_NVME&PROD_FORESEE_P900F128\4&4E4E240&0&030000
2026-08-21 13:53:27	before	0	USB_DISK_INFO	||||ChipsBnk Flash Disk USB Device|USB|USBSTOR\DISK&VEN_CHIPSBNK&PROD_FLASH_DISK&REV_5.00\8&138E439D&0
2026-08-21 13:53:27	before	0	USB_DISK_INFO	||||ChipsBnk Flash Disk USB Device|USB|USBSTOR\DISK&VEN_CHIPSBNK&PROD_FLASH_DISK&REV_5.00\8&3AF14BA&0
2026-08-21 13:53:27	before	0	USB_DISK_INFO	||||ChipsBnk Flash Disk USB Device|USB|USBSTOR\DISK&VEN_CHIPSBNK&PROD_FLASH_DISK&REV_5.00\8&1B5F1358&0
2026-08-21 14:11:26	before	331180	Edit	2199ESB
2026-08-21 14:11:26	before	331196	Edit	3
2026-08-21 14:11:26	before	331198	Edit	High scan 1 Scanned Flash Saving param
2026-08-21 14:11:26	before	331202	Edit	04-D, Bin7, 1920M(2136M),CE:1 [A], ID:2C44444BA9
2026-08-21 14:11:26	before	331204	Static	IC Type:
2026-08-21 14:11:26	before	724538	Static	Settings:
2026-08-21 14:11:26	before	724828	Static	Eject Info:
2026-08-21 14:11:26	before	855540	Static	2199EST
2026-08-21 14:11:26	before	1248796	Static	Count:
2026-08-21 14:11:26	before	2231972	Static	Other
2026-08-21 14:11:26	before	1117862	Static	2199S
2026-08-21 14:11:26	before	1377768	Static	2199EB
2026-08-21 14:11:26	before	331178	Static	2199ESB
2026-08-21 14:11:26	before	331186	Static	2199ES
2026-08-21 14:11:26	before	331210	Static	2199EE
2026-08-21 14:11:26	before	1639986	Button	01
2026-08-21 14:11:26	before	396688	msctls_progress32	Bin8, 960M
2026-08-21 14:11:26	before	331222	Edit	Bin8, 960M,CE:1 [A]
2026-08-21 14:11:26	before	331224	Edit	ID:2C44444BA9
2026-08-21 14:11:26	before	396678	Edit	MT29F32G08CBABA
2026-08-21 14:11:26	before	331176	msctls_progress32	S
2026-08-21 14:11:26	before	331174	msctls_progress32	Progress1
2026-08-21 14:11:26	before	265622	Button	02-F
2026-08-21 14:11:26	before	265620	msctls_progress32	Bin8, 960M
2026-08-21 14:11:26	before	265618	Edit	Bin8, 960M,CE:1 [A]
2026-08-21 14:11:26	before	328820	Edit	ID:2C44444BA9
2026-08-21 14:11:26	before	656708	Edit	MT29F32G08CBABA
2026-08-21 14:11:26	before	459986	msctls_progress32	S
2026-08-21 14:11:26	before	852752	msctls_progress32	Progress1
2026-08-21 14:11:26	before	1115836	Button	03-E
2026-08-21 14:11:26	before	3081734	msctls_progress32	Bin8, 960M
2026-08-21 14:11:26	before	1574364	Edit	Bin8, 960M,CE:1 [A]
2026-08-21 14:11:26	before	459498	Edit	ID:2C44444BA9
2026-08-21 14:11:26	before	393956	Edit	MT29F32G08CBABA
2026-08-21 14:11:26	before	393706	msctls_progress32	S
2026-08-21 14:11:26	before	655624	msctls_progress32	Progress1
2026-08-21 14:11:26	before	459846	Button	04-D
2026-08-21 14:11:26	before	2295858	msctls_progress32	Bin8, 960M
2026-08-21 14:11:26	before	1443440	Edit	Bin8, 960M,CE:1 [A]
2026-08-21 14:11:26	before	394336	Edit	ID:2C44444BA9
2026-08-21 14:11:26	before	524938	Edit	MT29F32G08CBABA
2026-08-21 14:11:26	before	591486	msctls_progress32	S
2026-08-21 14:11:26	before	1508618	msctls_progress32	Progress1
2026-08-21 14:11:26	before	265630	Button	05
2026-08-21 14:11:26	before	265602	msctls_progress32	Bin8, 960M
2026-08-21 14:11:26	before	265600	Edit	Bin8, 960M,CE:1 [A]
2026-08-21 14:11:26	before	265598	Edit	ID:2C44444BA9
2026-08-21 14:11:26	before	265596	Edit	MT29F32G08CBABA
2026-08-21 14:11:26	before	265592	msctls_progress32	S
2026-08-21 14:11:26	before	265590	msctls_progress32	Progress1
2026-08-21 14:11:26	before	265576	Button	06
2026-08-21 14:11:26	before	265574	msctls_progress32	Bin7, 1920
2026-08-21 14:11:26	before	265572	Edit	Bin7, 1920M(2124M),CE:1 [A]
2026-08-21 14:11:26	before	265570	Edit	ID:2C44444BA9
2026-08-21 14:11:26	before	265568	Edit	MT29F32G08CBABA
2026-08-21 14:11:26	before	265564	msctls_progress32	S
2026-08-21 14:11:26	before	265556	msctls_progress32	Progress1
2026-08-21 14:11:26	before	265548	Button	07
2026-08-21 14:11:26	before	265546	msctls_progress32	Bin8, 960M
2026-08-21 14:11:26	before	265544	Edit	Bin8, 960M,CE:1 [A]
2026-08-21 14:11:26	before	265542	Edit	ID:2C44444BA9
2026-08-21 14:11:26	before	265518	Edit	MT29F32G08CBABA
2026-08-21 14:11:26	before	265136	msctls_progress32	S
2026-08-21 14:11:26	before	265158	msctls_progress32	Progress1
2026-08-21 14:11:26	before	265150	Button	08
2026-08-21 14:11:26	before	265148	msctls_progress32	Bin8, 960M
2026-08-21 14:11:26	before	265146	Edit	Bin8, 960M,CE:1 [A]
2026-08-21 14:11:26	before	265122	Edit	ID:2C44444BA9
2026-08-21 14:11:26	before	265162	Edit	MT29F32G08CBABA
2026-08-21 14:11:26	before	265132	msctls_progress32	S
2026-08-21 14:11:26	before	265130	msctls_progress32	Progress1
2026-08-21 14:11:26	before	265100	Button	25
2026-08-21 14:11:26	before	265102	msctls_progress32	Progress1
2026-08-21 14:11:26	before	265114	Button	26
2026-08-21 14:11:26	before	265072	msctls_progress32	Progress1
2026-08-21 14:11:26	before	265062	Button	27
2026-08-21 14:11:26	before	265066	msctls_progress32	Progress1
2026-08-21 14:11:26	before	265036	Button	28
2026-08-21 14:11:26	before	265016	msctls_progress32	Progress1
2026-08-21 14:11:26	before	264804	Button	29
2026-08-21 14:11:26	before	264810	msctls_progress32	Progress1
2026-08-21 14:11:26	before	264800	Button	30
2026-08-21 14:11:26	before	264782	msctls_progress32	Progress1
2026-08-21 14:11:26	before	264748	Button	31
2026-08-21 14:11:26	before	264754	msctls_progress32	Progress1
2026-08-21 14:11:26	before	264740	Button	32
2026-08-21 14:11:26	before	264696	msctls_progress32	Progress1
2026-08-21 14:11:26	before	264712	Button	09
2026-08-21 14:11:26	before	264710	msctls_progress32	Bin7, 1920
2026-08-21 14:11:26	before	264708	Edit	Bin7, 1920M(2109M),CE:1 [A]
2026-08-21 14:11:26	before	264706	Edit	ID:2C44444BA9
2026-08-21 14:11:26	before	264682	Edit	MT29F32G08CBABA
2026-08-21 14:11:26	before	264670	msctls_progress32	S
2026-08-21 14:11:26	before	264692	msctls_progress32	Progress1
2026-08-21 14:11:26	before	264684	Button	10
2026-08-21 14:11:26	before	264664	msctls_progress32	Progress1
2026-08-21 14:11:26	before	264654	Button	11
2026-08-21 14:11:26	before	264674	msctls_progress32	Bin6, 3840
2026-08-21 14:11:26	before	264648	Edit	Bin6, 3840M(4075M),CE:2 [A]
2026-08-21 14:11:26	before	264646	Edit	ID:2C44444BA9
2026-08-21 14:11:26	before	265322	Edit	MT29F32G08CBABA
2026-08-21 14:11:26	before	265320	msctls_progress32	S
2026-08-21 14:11:26	before	265338	msctls_progress32	Progress1
2026-08-21 14:11:26	before	265328	Button	12
2026-08-21 14:11:26	before	265326	msctls_progress32	Bin7, 1920
2026-08-21 14:11:26	before	265324	Edit	Bin7, 1920M(2120M),CE:1 [A]
2026-08-21 14:11:26	before	265294	Edit	ID:2C44444BA9
2026-08-21 14:11:26	before	265316	Edit	MT29F32G08CBABA
2026-08-21 14:11:26	before	265312	msctls_progress32	S
2026-08-21 14:11:26	before	265310	msctls_progress32	Progress1
2026-08-21 14:11:26	before	265300	Button	13
2026-08-21 14:11:26	before	265280	msctls_progress32	Progress1
2026-08-21 14:11:26	before	265270	Button	14
2026-08-21 14:11:26	before	265250	msctls_progress32	Progress1
2026-08-21 14:11:26	before	265216	Button	15
2026-08-21 14:11:26	before	265222	msctls_progress32	Progress1
2026-08-21 14:11:26	before	265234	Button	16
2026-08-21 14:11:26	before	265194	msctls_progress32	Progress1
2026-08-21 14:11:26	before	265180	Button	33
2026-08-21 14:11:26	before	264968	msctls_progress32	Progress1
2026-08-21 14:11:26	before	264976	Button	34
2026-08-21 14:11:26	before	264932	msctls_progress32	Progress1
2026-08-21 14:11:26	before	264948	Button	35
2026-08-21 14:11:26	before	264928	msctls_progress32	Progress1
2026-08-21 14:11:26	before	264918	Button	36
2026-08-21 14:11:26	before	264898	msctls_progress32	Progress1
2026-08-21 14:11:26	before	264912	Button	37
2026-08-21 14:11:26	before	264870	msctls_progress32	Progress1
2026-08-21 14:11:26	before	264860	Button	38
2026-08-21 14:11:26	before	264864	msctls_progress32	Progress1
2026-08-21 14:11:26	before	264830	Button	39
2026-08-21 14:11:26	before	264634	msctls_progress32	Progress1
2026-08-21 14:11:26	before	264626	Button	40
2026-08-21 14:11:26	before	264606	msctls_progress32	Progress1
2026-08-21 14:11:26	before	264550	Button	17
2026-08-21 14:11:26	before	264578	msctls_progress32	Progress1
2026-08-21 14:11:26	before	264564	Button	18
2026-08-21 14:11:26	before	395590	msctls_progress32	Progress1
2026-08-21 14:11:26	before	264536	Button	19
2026-08-21 14:11:26	before	264542	msctls_progress32	Progress1
2026-08-21 14:11:26	before	395572	Button	20
2026-08-21 14:11:26	before	461116	msctls_progress32	Progress1
2026-08-21 14:11:26	before	591808	Button	21
2026-08-21 14:11:26	before	266442	msctls_progress32	Progress1
2026-08-21 14:11:26	before	266434	Button	22
2026-08-21 14:11:26	before	266416	msctls_progress32	Progress1
2026-08-21 14:11:26	before	266428	Button	23
2026-08-21 14:11:26	before	266390	msctls_progress32	Progress1
2026-08-21 14:11:26	before	266380	Button	24
2026-08-21 14:11:26	before	266384	msctls_progress32	Progress1
2026-08-21 14:11:26	before	1246110	Button	41
2026-08-21 14:11:26	before	1049542	msctls_progress32	Progress1
2026-08-21 14:11:26	before	4851236	Button	42
2026-08-21 14:11:26	before	1312224	msctls_progress32	Progress1
2026-08-21 14:11:26	before	197440	Button	43
2026-08-21 14:11:26	before	1181020	msctls_progress32	Progress1
2026-08-21 14:11:26	before	197460	Button	44
2026-08-21 14:11:26	before	1115572	msctls_progress32	Progress1
2026-08-21 14:11:26	before	917624	Button	45
2026-08-21 14:11:26	before	197448	msctls_progress32	Progress1
2026-08-21 14:11:26	before	267298	Button	46
2026-08-21 14:11:26	before	267236	msctls_progress32	Progress1
2026-08-21 14:11:26	before	267308	Button	47
2026-08-21 14:11:26	before	201734	msctls_progress32	Progress1
2026-08-21 14:11:26	before	201708	Button	48
2026-08-21 14:11:26	before	787344	msctls_progress32	Progress1
2026-08-21 14:11:26	before	591194	Button	49
2026-08-21 14:11:26	before	984566	msctls_progress32	Progress1
2026-08-21 14:11:26	before	983920	Button	50
2026-08-21 14:11:26	before	263564	msctls_progress32	Progress1
2026-08-21 14:11:26	before	197232	Button	51
2026-08-21 14:11:26	before	262456	msctls_progress32	Progress1
2026-08-21 14:11:26	before	459040	Button	52
2026-08-21 14:11:26	before	393236	msctls_progress32	Progress1
2026-08-21 14:11:26	before	197230	Button	53
2026-08-21 14:11:26	before	262696	msctls_progress32	Progress1
2026-08-21 14:11:26	before	197224	Button	54
2026-08-21 14:11:26	before	1049546	msctls_progress32	Progress1
2026-08-21 14:11:26	before	196970	Button	55
2026-08-21 14:11:26	before	196934	msctls_progress32	Progress1
2026-08-21 14:11:26	before	462890	Button	56
2026-08-21 14:11:26	before	854204	msctls_progress32	Progress1
2026-08-21 14:11:26	before	3212732	Button	57
2026-08-21 14:11:26	before	266358	msctls_progress32	Progress1
2026-08-21 14:11:26	before	266350	Button	58
2026-08-21 14:11:26	before	266334	msctls_progress32	Progress1
2026-08-21 14:11:26	before	266326	Button	59
2026-08-21 14:11:26	before	266310	msctls_progress32	Progress1
2026-08-21 14:11:26	before	266302	Button	60
2026-08-21 14:11:26	before	197466	msctls_progress32	Progress1
2026-08-21 14:11:26	before	1574700	Button	61
2026-08-21 14:11:26	before	1967504	msctls_progress32	Progress1
2026-08-21 14:11:26	before	1312196	Button	62
2026-08-21 14:11:26	before	263814	msctls_progress32	Progress1
2026-08-21 14:11:26	before	201724	Button	63
2026-08-21 14:11:26	before	201788	msctls_progress32	Progress1
2026-08-21 14:11:26	before	201732	Button	64
2026-08-21 14:11:26	before	201756	msctls_progress32	Progress1
2026-08-21 14:11:26	before	463106	Button	65
2026-08-21 14:11:26	before	201784	msctls_progress32	Progress1
2026-08-21 14:11:26	before	201728	Button	66
2026-08-21 14:11:26	before	656202	msctls_progress32	Progress1
2026-08-21 14:11:26	before	327902	Button	67
2026-08-21 14:11:26	before	328546	msctls_progress32	Progress1
2026-08-21 14:11:26	before	459438	Button	68
2026-08-21 14:11:26	before	656126	msctls_progress32	Progress1
2026-08-21 14:11:26	before	1377814	Button	69
2026-08-21 14:11:26	before	590594	msctls_progress32	Progress1
2026-08-21 14:11:26	before	656392	Button	70
2026-08-21 14:11:26	before	393494	msctls_progress32	Progress1
2026-08-21 14:11:26	before	196836	Button	71
2026-08-21 14:11:26	before	984210	msctls_progress32	Progress1
2026-08-21 14:11:26	before	197856	Button	72
2026-08-21 14:11:26	before	197862	msctls_progress32	Progress1
2026-08-21 14:11:26	before	197852	Button	73
2026-08-21 14:11:26	before	197038	msctls_progress32	Progress1
2026-08-21 14:11:26	before	197028	Button	74
2026-08-21 14:11:26	before	328086	msctls_progress32	Progress1
2026-08-21 14:11:26	before	196990	Button	75
2026-08-21 14:11:26	before	262504	msctls_progress32	Progress1
2026-08-21 14:11:26	before	196952	Button	76
2026-08-21 14:11:26	before	1770968	msctls_progress32	Progress1
2026-08-21 14:11:26	before	1311492	Button	77
2026-08-21 14:11:26	before	197032	msctls_progress32	Progress1
2026-08-21 14:11:26	before	196930	Button	78
2026-08-21 14:11:26	before	2884992	msctls_progress32	Progress1
2026-08-21 14:11:26	before	525328	Button	79
2026-08-21 14:11:26	before	267284	msctls_progress32	Progress1
2026-08-21 14:11:26	before	525942	Button	80
2026-08-21 14:11:26	before	266338	msctls_progress32	Progress1
2026-08-21 14:11:26	before	266372	Button	All &Start
2026-08-21 14:11:26	before	266396	Button	All S&top
2026-08-21 14:11:26	before	266420	Button	Settings(&M)
2026-08-21 14:11:26	before	526552	Button	&Refresh
2026-08-21 14:11:26	before	461008	Button	&Eject
2026-08-21 14:11:26	before	1443772	Button	MP &Log
2026-08-21 14:11:26	before	264540	Button	Default
2026-08-21 14:11:26	before	264590	Button	Auto
2026-08-21 14:11:26	before	264596	Button	Manual
2026-08-21 14:11:26	before	264622	Button	Lock
2026-08-21 14:11:26	before	264824	Button	E2Prom
2026-08-21 14:11:26	before	264850	Button	Chinese
2026-08-21 14:11:26	before	264876	Button	English
2026-08-21 14:11:26	before	264904	Button	Big5
2026-08-21 14:11:26	before	264930	Button	&Exit
2026-08-21 14:11:26	before	264956	Button	Lock Disk
2026-08-21 14:11:26	before	264982	Button	Language
2026-08-21 14:11:26	before	265188	Button	Test
2026-08-21 14:11:26	before	265214	Static	V7200(24-11-20)
2026-08-21 14:11:26	before	265292	Static	Language
2026-08-21 14:11:26	before	264668	Static	Lock Disk
2026-08-21 14:11:26	before	264694	Static	NumberOfPorts
2026-08-21 14:11:26	before	264776	Button	AutoStart
2026-08-21 14:11:26	before	264802	Button	AutoRefresh
2026-08-21 14:11:26	before	0	USB_DISK_INFO	C|LFG118J003676       _00000001.|||NVMe FORESEE P900F128GH|SCSI|SCSI\DISK&VEN_NVME&PROD_FORESEE_P900F128\4&4E4E240&0&030000
2026-08-21 14:11:26	before	0	USB_DISK_INFO	||||ChipsBnk Flash Disk USB Device|USB|USBSTOR\DISK&VEN_CHIPSBNK&PROD_FLASH_DISK&REV_5.00\8&181E9817&0
2026-08-21 14:11:26	before	0	USB_DISK_INFO	||||ChipsBnk Flash Disk USB Device|USB|USBSTOR\DISK&VEN_CHIPSBNK&PROD_FLASH_DISK&REV_5.00\8&2E693559&0
2026-08-21 14:11:26	before	0	USB_DISK_INFO	||||ChipsBnk Flash Disk USB Device|USB|USBSTOR\DISK&VEN_CHIPSBNK&PROD_FLASH_DISK&REV_5.00\8&DC14C38&0
2026-08-21 14:31:48	before	197494	Edit	2199ESB
2026-08-21 14:31:48	before	197502	Edit	7
2026-08-21 14:31:48	before	263032	Edit	High scan 1 Scanned Flash Saving param
2026-08-21 14:31:48	before	393512	Static	IC Type:
2026-08-21 14:31:48	before	263244	Static	Settings:
2026-08-21 14:31:48	before	852252	Static	Eject Info:
2026-08-21 14:31:48	before	328562	Static	2199EST
2026-08-21 14:31:48	before	525346	Static	Count:
2026-08-21 14:31:48	before	394126	Static	Other
2026-08-21 14:31:48	before	328638	Static	2199S
2026-08-21 14:31:48	before	524568	Static	2199EB
2026-08-21 14:31:48	before	590088	Static	2199ESB
2026-08-21 14:31:48	before	394120	Static	2199ES
2026-08-21 14:31:48	before	459664	Static	2199EE
2026-08-21 14:31:48	before	263080	Button	01-G
2026-08-21 14:31:48	before	394158	msctls_progress32	Bin8, 960M
2026-08-21 14:31:48	before	263172	Edit	Bin8, 960M,CE:1 [A]
2026-08-21 14:31:48	before	590476	Edit	ID:2C44444BA9
2026-08-21 14:31:48	before	590764	Edit	MT29F32G08CBABA
2026-08-21 14:31:48	before	655494	msctls_progress32	S
2026-08-21 14:31:48	before	393884	msctls_progress32	Progress1
2026-08-21 14:31:48	before	1179896	Button	02-H
2026-08-21 14:31:48	before	394176	msctls_progress32	Bin8, 960M
2026-08-21 14:31:48	before	459396	Edit	Bin8, 960M,CE:1 [A]
2026-08-21 14:31:48	before	328634	Edit	ID:2C44444BA9
2026-08-21 14:31:48	before	262600	Edit	MT29F32G08CBABA
2026-08-21 14:31:48	before	197492	msctls_progress32	S
2026-08-21 14:31:48	before	328334	msctls_progress32	Progress1
2026-08-21 14:31:48	before	132086	Button	03-I
2026-08-21 14:31:48	before	132092	msctls_progress32	Bin8, 960M
2026-08-21 14:31:48	before	132094	Edit	Bin8, 960M,CE:1 [A]
2026-08-21 14:31:48	before	132090	Edit	ID:2C44444BA9
2026-08-21 14:31:48	before	132088	Edit	MT29F32G08CBABA
2026-08-21 14:31:48	before	132096	msctls_progress32	S
2026-08-21 14:31:48	before	132084	msctls_progress32	Progress1
2026-08-21 14:31:48	before	132106	Button	04-J
2026-08-21 14:31:48	before	197646	msctls_progress32	Bin8, 960M
2026-08-21 14:31:48	before	197648	Edit	Bin8, 960M,CE:1 [A]
2026-08-21 14:31:48	before	132152	Edit	ID:2C44444BA9
2026-08-21 14:31:48	before	132154	Edit	MT29F32G08CBABA
2026-08-21 14:31:48	before	132156	msctls_progress32	S
2026-08-21 14:31:48	before	197572	msctls_progress32	Progress1
2026-08-21 14:31:48	before	197698	Button	05-D
2026-08-21 14:31:48	before	132166	msctls_progress32	Bin8, 960M
2026-08-21 14:31:48	before	328748	Edit	Bin8, 960M,CE:1 [A]
2026-08-21 14:31:48	before	263210	Edit	ID:2C44444BA9
2026-08-21 14:31:48	before	132104	Edit	MT29F32G08CBABA
2026-08-21 14:31:48	before	132176	msctls_progress32	S
2026-08-21 14:31:48	before	132178	msctls_progress32	Progress1
2026-08-21 14:31:48	before	197652	Button	06
2026-08-21 14:31:48	before	263192	msctls_progress32	Progress1
2026-08-21 14:31:48	before	132192	Button	07-E
2026-08-21 14:31:48	before	132188	msctls_progress32	Bin8, 960M
2026-08-21 14:31:48	before	132186	Edit	Bin8, 960M,CE:1 [A]
2026-08-21 14:31:48	before	66662	Edit	ID:2C44444BA9
2026-08-21 14:31:48	before	66664	Edit	MT29F32G08CBABA
2026-08-21 14:31:48	before	66668	msctls_progress32	S
2026-08-21 14:31:48	before	66670	msctls_progress32	Progress1
2026-08-21 14:31:48	before	66678	Button	08-F
2026-08-21 14:31:48	before	66680	msctls_progress32	Bin8, 960M
2026-08-21 14:31:48	before	66682	Edit	Bin8, 960M,CE:1 [A]
2026-08-21 14:31:48	before	66684	Edit	ID:2C44444BA9
2026-08-21 14:31:48	before	66686	Edit	MT29F32G08CBABA
2026-08-21 14:31:48	before	66690	msctls_progress32	S
2026-08-21 14:31:48	before	66692	msctls_progress32	Progress1
2026-08-21 14:31:48	before	66700	Button	25
2026-08-21 14:31:48	before	66714	msctls_progress32	Progress1
2026-08-21 14:31:48	before	66722	Button	26
2026-08-21 14:31:48	before	66736	msctls_progress32	Progress1
2026-08-21 14:31:48	before	66744	Button	27
2026-08-21 14:31:48	before	66758	msctls_progress32	Progress1
2026-08-21 14:31:48	before	66766	Button	28
2026-08-21 14:31:48	before	66780	msctls_progress32	Progress1
2026-08-21 14:31:48	before	66788	Button	29
2026-08-21 14:31:48	before	66802	msctls_progress32	Progress1
2026-08-21 14:31:48	before	66810	Button	30
2026-08-21 14:31:48	before	66824	msctls_progress32	Progress1
2026-08-21 14:31:48	before	66832	Button	31
2026-08-21 14:31:48	before	66846	msctls_progress32	Progress1
2026-08-21 14:31:48	before	66854	Button	32
2026-08-21 14:31:48	before	66868	msctls_progress32	Progress1
2026-08-21 14:31:48	before	66876	Button	09
2026-08-21 14:31:48	before	66890	msctls_progress32	Progress1
2026-08-21 14:31:48	before	66898	Button	10
2026-08-21 14:31:48	before	66912	msctls_progress32	Progress1
2026-08-21 14:31:48	before	66920	Button	11
2026-08-21 14:31:48	before	66934	msctls_progress32	Progress1
2026-08-21 14:31:48	before	66942	Button	12
2026-08-21 14:31:48	before	66956	msctls_progress32	Progress1
2026-08-21 14:31:48	before	66964	Button	13
2026-08-21 14:31:48	before	66978	msctls_progress32	Progress1
2026-08-21 14:31:48	before	66986	Button	14
2026-08-21 14:31:48	before	67000	msctls_progress32	Progress1
2026-08-21 14:31:48	before	67008	Button	15
2026-08-21 14:31:48	before	67022	msctls_progress32	Progress1
2026-08-21 14:31:48	before	67030	Button	16
2026-08-21 14:31:48	before	67044	msctls_progress32	Progress1
2026-08-21 14:31:48	before	67052	Button	33
2026-08-21 14:31:48	before	67066	msctls_progress32	Progress1
2026-08-21 14:31:48	before	67074	Button	34
2026-08-21 14:31:48	before	67088	msctls_progress32	Progress1
2026-08-21 14:31:48	before	67096	Button	35
2026-08-21 14:31:48	before	67110	msctls_progress32	Progress1
2026-08-21 14:31:48	before	67118	Button	36
2026-08-21 14:31:48	before	67132	msctls_progress32	Progress1
2026-08-21 14:31:48	before	67140	Button	37
2026-08-21 14:31:48	before	67154	msctls_progress32	Progress1
2026-08-21 14:31:48	before	67162	Button	38
2026-08-21 14:31:48	before	67176	msctls_progress32	Progress1
2026-08-21 14:31:48	before	67184	Button	39
2026-08-21 14:31:48	before	67198	msctls_progress32	Progress1
2026-08-21 14:31:48	before	67206	Button	40
2026-08-21 14:31:48	before	67220	msctls_progress32	Progress1
2026-08-21 14:31:48	before	67228	Button	17
2026-08-21 14:31:48	before	67242	msctls_progress32	Progress1
2026-08-21 14:31:48	before	67250	Button	18
2026-08-21 14:31:48	before	67264	msctls_progress32	Progress1
2026-08-21 14:31:48	before	67272	Button	19
2026-08-21 14:31:48	before	67286	msctls_progress32	Progress1
2026-08-21 14:31:48	before	67294	Button	20
2026-08-21 14:31:48	before	67308	msctls_progress32	Progress1
2026-08-21 14:31:48	before	67316	Button	21
2026-08-21 14:31:48	before	67330	msctls_progress32	Progress1
2026-08-21 14:31:48	before	67338	Button	22
2026-08-21 14:31:48	before	67352	msctls_progress32	Progress1
2026-08-21 14:31:48	before	67360	Button	23
2026-08-21 14:31:48	before	67374	msctls_progress32	Progress1
2026-08-21 14:31:48	before	67382	Button	24
2026-08-21 14:31:48	before	67396	msctls_progress32	Progress1
2026-08-21 14:31:48	before	67404	Button	41
2026-08-21 14:31:48	before	67418	msctls_progress32	Progress1
2026-08-21 14:31:48	before	67426	Button	42
2026-08-21 14:31:48	before	67440	msctls_progress32	Progress1
2026-08-21 14:31:48	before	67448	Button	43
2026-08-21 14:31:48	before	67462	msctls_progress32	Progress1
2026-08-21 14:31:48	before	67470	Button	44
2026-08-21 14:31:48	before	67484	msctls_progress32	Progress1
2026-08-21 14:31:48	before	67492	Button	45
2026-08-21 14:31:48	before	67506	msctls_progress32	Progress1
2026-08-21 14:31:48	before	67514	Button	46
2026-08-21 14:31:48	before	67528	msctls_progress32	Progress1
2026-08-21 14:31:48	before	67536	Button	47
2026-08-21 14:31:48	before	67550	msctls_progress32	Progress1
2026-08-21 14:31:48	before	67558	Button	48
2026-08-21 14:31:48	before	67572	msctls_progress32	Progress1
2026-08-21 14:31:48	before	67580	Button	49
2026-08-21 14:31:48	before	67594	msctls_progress32	Progress1
2026-08-21 14:31:48	before	67602	Button	50
2026-08-21 14:31:48	before	67616	msctls_progress32	Progress1
2026-08-21 14:31:48	before	67624	Button	51
2026-08-21 14:31:48	before	67638	msctls_progress32	Progress1
2026-08-21 14:31:48	before	67646	Button	52
2026-08-21 14:31:48	before	67660	msctls_progress32	Progress1
2026-08-21 14:31:48	before	67668	Button	53
2026-08-21 14:31:48	before	67682	msctls_progress32	Progress1
2026-08-21 14:31:48	before	67690	Button	54
2026-08-21 14:31:48	before	67704	msctls_progress32	Progress1
2026-08-21 14:31:48	before	67712	Button	55
2026-08-21 14:31:48	before	67726	msctls_progress32	Progress1
2026-08-21 14:31:48	before	67734	Button	56
2026-08-21 14:31:48	before	67748	msctls_progress32	Progress1
2026-08-21 14:31:48	before	67756	Button	57
2026-08-21 14:31:48	before	67770	msctls_progress32	Progress1
2026-08-21 14:31:48	before	67778	Button	58
2026-08-21 14:31:48	before	67792	msctls_progress32	Progress1
2026-08-21 14:31:48	before	67800	Button	59
2026-08-21 14:31:48	before	67814	msctls_progress32	Progress1
2026-08-21 14:31:48	before	67822	Button	60
2026-08-21 14:31:48	before	67836	msctls_progress32	Progress1
2026-08-21 14:31:48	before	67844	Button	61
2026-08-21 14:31:48	before	67858	msctls_progress32	Progress1
2026-08-21 14:31:48	before	67866	Button	62
2026-08-21 14:31:48	before	67880	msctls_progress32	Progress1
2026-08-21 14:31:48	before	67888	Button	63
2026-08-21 14:31:48	before	67902	msctls_progress32	Progress1
2026-08-21 14:31:48	before	67910	Button	64
2026-08-21 14:31:48	before	67924	msctls_progress32	Progress1
2026-08-21 14:31:48	before	67932	Button	65
2026-08-21 14:31:48	before	67946	msctls_progress32	Progress1
2026-08-21 14:31:48	before	67954	Button	66
2026-08-21 14:31:48	before	67968	msctls_progress32	Progress1
2026-08-21 14:31:48	before	67976	Button	67
2026-08-21 14:31:48	before	67990	msctls_progress32	Progress1
2026-08-21 14:31:48	before	67998	Button	68
2026-08-21 14:31:48	before	68012	msctls_progress32	Progress1
2026-08-21 14:31:48	before	68020	Button	69
2026-08-21 14:31:48	before	68034	msctls_progress32	Progress1
2026-08-21 14:31:48	before	68042	Button	70
2026-08-21 14:31:48	before	68056	msctls_progress32	Progress1
2026-08-21 14:31:48	before	68064	Button	71
2026-08-21 14:31:48	before	68078	msctls_progress32	Progress1
2026-08-21 14:31:48	before	68086	Button	72
2026-08-21 14:31:48	before	68100	msctls_progress32	Progress1
2026-08-21 14:31:48	before	68108	Button	73
2026-08-21 14:31:48	before	68122	msctls_progress32	Progress1
2026-08-21 14:31:48	before	68130	Button	74
2026-08-21 14:31:48	before	68144	msctls_progress32	Progress1
2026-08-21 14:31:48	before	68152	Button	75
2026-08-21 14:31:48	before	68166	msctls_progress32	Progress1
2026-08-21 14:31:48	before	68174	Button	76
2026-08-21 14:31:48	before	68188	msctls_progress32	Progress1
2026-08-21 14:31:48	before	68196	Button	77
2026-08-21 14:31:48	before	68210	msctls_progress32	Progress1
2026-08-21 14:31:48	before	68218	Button	78
2026-08-21 14:31:48	before	68232	msctls_progress32	Progress1
2026-08-21 14:31:48	before	68240	Button	79
2026-08-21 14:31:48	before	68254	msctls_progress32	Progress1
2026-08-21 14:31:48	before	68262	Button	80
2026-08-21 14:31:48	before	68276	msctls_progress32	Progress1
2026-08-21 14:31:48	before	68286	Button	All &Start
2026-08-21 14:31:48	before	68288	Button	All S&top
2026-08-21 14:31:48	before	68290	Button	Settings(&M)
2026-08-21 14:31:48	before	68292	Button	&Refresh
2026-08-21 14:31:48	before	68294	Button	&Eject
2026-08-21 14:31:48	before	68296	Button	MP &Log
2026-08-21 14:31:48	before	68298	Button	Default
2026-08-21 14:31:48	before	68300	Button	Auto
2026-08-21 14:31:48	before	68302	Button	Manual
2026-08-21 14:31:48	before	68304	Button	Lock
2026-08-21 14:31:48	before	68306	Button	E2Prom
2026-08-21 14:31:48	before	68308	Button	Chinese
2026-08-21 14:31:48	before	68310	Button	English
2026-08-21 14:31:48	before	68312	Button	Big5
2026-08-21 14:31:48	before	68314	Button	&Exit
2026-08-21 14:31:48	before	68316	Button	Lock Disk
2026-08-21 14:31:48	before	68318	Button	Language
2026-08-21 14:31:48	before	68320	Button	Test
2026-08-21 14:31:48	before	68322	Static	V7200(24-11-20)
2026-08-21 14:31:48	before	68328	Static	Language
2026-08-21 14:31:48	before	68334	Static	Lock Disk
2026-08-21 14:31:48	before	68336	Static	NumberOfPorts
2026-08-21 14:31:48	before	68342	Button	AutoStart
2026-08-21 14:31:48	before	68344	Button	AutoRefresh
2026-08-21 14:31:48	before	0	USB_DISK_INFO	||||ChipsBnk Flash Disk USB Device|USB|USBSTOR\DISK&VEN_CHIPSBNK&PROD_FLASH_DISK&REV_5.00\8&2F1FA0C3&0
2026-08-21 14:31:48	before	0	USB_DISK_INFO	||||ChipsBnk Flash Disk USB Device|USB|USBSTOR\DISK&VEN_CHIPSBNK&PROD_FLASH_DISK&REV_5.00\8&B81707E&0
2026-08-21 14:31:48	before	0	USB_DISK_INFO	C|LFG118J003676       _00000001.|||NVMe FORESEE P900F128GH|SCSI|SCSI\DISK&VEN_NVME&PROD_FORESEE_P900F128\4&4E4E240&0&030000
2026-08-21 14:31:48	before	0	USB_DISK_INFO	|1302160454061135782412|||ChipsBnk Flash Disk USB Device|USB|USBSTOR\DISK&VEN_CHIPSBNK&PROD_FLASH_DISK&REV_5.00\1302160454061135782412&0
2026-08-21 14:31:48	before	0	USB_DISK_INFO	|2501091509572469369408|||ChipsBnk Flash Disk USB Device|USB|USBSTOR\DISK&VEN_CHIPSBNK&PROD_FLASH_DISK&REV_5.00\2501091509572469369408&0
2026-08-21 14:31:48	before	0	USB_DISK_INFO	||||ChipsBnk Flash Disk USB Device|USB|USBSTOR\DISK&VEN_CHIPSBNK&PROD_FLASH_DISK&REV_5.00\8&22181FBB&0
2026-08-21 14:31:48	before	0	USB_DISK_INFO	||||ChipsBnk Flash Disk USB Device|USB|USBSTOR\DISK&VEN_CHIPSBNK&PROD_FLASH_DISK&REV_5.00\8&CD3527B&0
2026-08-21 14:31:48	before	0	USB_DISK_INFO	|2501091539222675231509|||ChipsBnk Flash Disk USB Device|USB|USBSTOR\DISK&VEN_CHIPSBNK&PROD_FLASH_DISK&REV_5.00\2501091539222675231509&0
2026-08-21 14:44:24	after	197494	Edit	Unknown
2026-08-21 14:44:24	after	197502	Edit	0
2026-08-21 14:44:24	after	263032	Edit	High scan 1 Scanned Flash Saving param
2026-08-21 14:44:24	after	262806	Edit	07-E, Bin7, 1920M(2091M),CE:1 [A], ID:2C44444BA9
2026-08-21 14:44:24	after	393512	Static	IC Type:
2026-08-21 14:44:24	after	263244	Static	Settings:
2026-08-21 14:44:24	after	852252	Static	Eject Info:
2026-08-21 14:44:24	after	328562	Static	2199EST
2026-08-21 14:44:24	after	525346	Static	Count:
2026-08-21 14:44:24	after	394126	Static	Other
2026-08-21 14:44:24	after	328638	Static	2199S
2026-08-21 14:44:24	after	524568	Static	2199EB
2026-08-21 14:44:24	after	590088	Static	2199ESB
2026-08-21 14:44:24	after	394120	Static	2199ES
2026-08-21 14:44:24	after	459664	Static	2199EE
2026-08-21 14:44:24	after	263080	Button	01
2026-08-21 14:44:24	after	394158	msctls_progress32	Bin7, 1920
2026-08-21 14:44:24	after	263172	Edit	Bin7, 1920M(1990M),CE:1 [A]
2026-08-21 14:44:24	after	590476	Edit	ID:2C44444BA9
2026-08-21 14:44:24	after	590764	Edit	MT29F32G08CBABA
2026-08-21 14:44:24	after	655494	msctls_progress32	S
2026-08-21 14:44:24	after	393884	msctls_progress32	Progress1
2026-08-21 14:44:24	after	1179896	Button	02
2026-08-21 14:44:24	after	394176	msctls_progress32	Bin7, 1920
2026-08-21 14:44:24	after	459396	Edit	Bin7, 1920M(2114M),CE:1 [A]
2026-08-21 14:44:24	after	328634	Edit	ID:2C44444BA9
2026-08-21 14:44:24	after	262600	Edit	MT29F32G08CBABA
2026-08-21 14:44:24	after	197492	msctls_progress32	S
2026-08-21 14:44:24	after	328334	msctls_progress32	Progress1
2026-08-21 14:44:24	after	132086	Button	03
2026-08-21 14:44:24	after	132092	msctls_progress32	Bin7, 1920
2026-08-21 14:44:24	after	132094	Edit	Bin7, 1920M(2120M),CE:1 [A]
2026-08-21 14:44:24	after	132090	Edit	ID:2C44444BA9
2026-08-21 14:44:24	after	132088	Edit	MT29F32G08CBABA
2026-08-21 14:44:24	after	132096	msctls_progress32	S
2026-08-21 14:44:24	after	132084	msctls_progress32	Progress1
2026-08-21 14:44:24	after	132106	Button	04
2026-08-21 14:44:24	after	197646	msctls_progress32	Bin7, 1920
2026-08-21 14:44:24	after	197648	Edit	Bin7, 1920M(2116M),CE:1 [A]
2026-08-21 14:44:24	after	132152	Edit	ID:2C44444BA9
2026-08-21 14:44:24	after	132154	Edit	MT29F32G08CBABA
2026-08-21 14:44:24	after	132156	msctls_progress32	S
2026-08-21 14:44:24	after	197572	msctls_progress32	Progress1
2026-08-21 14:44:24	after	197698	Button	05
2026-08-21 14:44:24	after	132166	msctls_progress32	Bin7, 1920
2026-08-21 14:44:24	after	328748	Edit	Bin7, 1920M(2093M),CE:1 [A]
2026-08-21 14:44:24	after	263210	Edit	ID:2C44444BA9
2026-08-21 14:44:24	after	132104	Edit	MT29F32G08CBABA
2026-08-21 14:44:24	after	132176	msctls_progress32	S
2026-08-21 14:44:24	after	132178	msctls_progress32	Progress1
2026-08-21 14:44:24	after	197652	Button	06
2026-08-21 14:44:24	after	263192	msctls_progress32	Progress1
2026-08-21 14:44:24	after	132192	Button	07
2026-08-21 14:44:24	after	132188	msctls_progress32	Bin7, 1920
2026-08-21 14:44:24	after	132186	Edit	Bin7, 1920M(2091M),CE:1 [A]
2026-08-21 14:44:24	after	66662	Edit	ID:2C44444BA9
2026-08-21 14:44:24	after	66664	Edit	MT29F32G08CBABA
2026-08-21 14:44:24	after	66668	msctls_progress32	S
2026-08-21 14:44:24	after	66670	msctls_progress32	Progress1
2026-08-21 14:44:24	after	66678	Button	08
2026-08-21 14:44:24	after	66680	msctls_progress32	Bin7, 1920
2026-08-21 14:44:24	after	66682	Edit	Bin7, 1920M(1951M),CE:1 [A]
2026-08-21 14:44:24	after	66684	Edit	ID:2C44444BA9
2026-08-21 14:44:24	after	66686	Edit	MT29F32G08CBABA
2026-08-21 14:44:24	after	66690	msctls_progress32	S
2026-08-21 14:44:24	after	66692	msctls_progress32	Progress1
2026-08-21 14:44:24	after	66700	Button	25
2026-08-21 14:44:24	after	66714	msctls_progress32	Progress1
2026-08-21 14:44:24	after	66722	Button	26
2026-08-21 14:44:24	after	66736	msctls_progress32	Progress1
2026-08-21 14:44:24	after	66744	Button	27
2026-08-21 14:44:24	after	66758	msctls_progress32	Progress1
2026-08-21 14:44:24	after	66766	Button	28
2026-08-21 14:44:24	after	66780	msctls_progress32	Progress1
2026-08-21 14:44:24	after	66788	Button	29
2026-08-21 14:44:24	after	66802	msctls_progress32	Progress1
2026-08-21 14:44:24	after	66810	Button	30
2026-08-21 14:44:24	after	66824	msctls_progress32	Progress1
2026-08-21 14:44:24	after	66832	Button	31
2026-08-21 14:44:24	after	66846	msctls_progress32	Progress1
2026-08-21 14:44:24	after	66854	Button	32
2026-08-21 14:44:24	after	66868	msctls_progress32	Progress1
2026-08-21 14:44:24	after	66876	Button	09
2026-08-21 14:44:24	after	66890	msctls_progress32	Progress1
2026-08-21 14:44:24	after	66898	Button	10
2026-08-21 14:44:24	after	66912	msctls_progress32	Progress1
2026-08-21 14:44:24	after	66920	Button	11
2026-08-21 14:44:24	after	66934	msctls_progress32	Progress1
2026-08-21 14:44:24	after	66942	Button	12
2026-08-21 14:44:24	after	66956	msctls_progress32	Progress1
2026-08-21 14:44:24	after	66964	Button	13
2026-08-21 14:44:24	after	66978	msctls_progress32	Progress1
2026-08-21 14:44:24	after	66986	Button	14
2026-08-21 14:44:24	after	67000	msctls_progress32	Progress1
2026-08-21 14:44:24	after	67008	Button	15
2026-08-21 14:44:24	after	67022	msctls_progress32	Progress1
2026-08-21 14:44:24	after	67030	Button	16
2026-08-21 14:44:24	after	67044	msctls_progress32	Progress1
2026-08-21 14:44:24	after	67052	Button	33
2026-08-21 14:44:24	after	67066	msctls_progress32	Progress1
2026-08-21 14:44:24	after	67074	Button	34
2026-08-21 14:44:24	after	67088	msctls_progress32	Progress1
2026-08-21 14:44:24	after	67096	Button	35
2026-08-21 14:44:24	after	67110	msctls_progress32	Progress1
2026-08-21 14:44:24	after	67118	Button	36
2026-08-21 14:44:24	after	67132	msctls_progress32	Progress1
2026-08-21 14:44:24	after	67140	Button	37
2026-08-21 14:44:24	after	67154	msctls_progress32	Progress1
2026-08-21 14:44:24	after	67162	Button	38
2026-08-21 14:44:24	after	67176	msctls_progress32	Progress1
2026-08-21 14:44:24	after	67184	Button	39
2026-08-21 14:44:24	after	67198	msctls_progress32	Progress1
2026-08-21 14:44:24	after	67206	Button	40
2026-08-21 14:44:24	after	67220	msctls_progress32	Progress1
2026-08-21 14:44:24	after	67228	Button	17
2026-08-21 14:44:24	after	67242	msctls_progress32	Progress1
2026-08-21 14:44:24	after	67250	Button	18
2026-08-21 14:44:24	after	67264	msctls_progress32	Progress1
2026-08-21 14:44:24	after	67272	Button	19
2026-08-21 14:44:24	after	67286	msctls_progress32	Progress1
2026-08-21 14:44:24	after	67294	Button	20
2026-08-21 14:44:24	after	67308	msctls_progress32	Progress1
2026-08-21 14:44:24	after	67316	Button	21
2026-08-21 14:44:24	after	67330	msctls_progress32	Progress1
2026-08-21 14:44:24	after	67338	Button	22
2026-08-21 14:44:24	after	67352	msctls_progress32	Progress1
2026-08-21 14:44:24	after	67360	Button	23
2026-08-21 14:44:24	after	67374	msctls_progress32	Progress1
2026-08-21 14:44:24	after	67382	Button	24
2026-08-21 14:44:24	after	67396	msctls_progress32	Progress1
2026-08-21 14:44:24	after	67404	Button	41
2026-08-21 14:44:24	after	67418	msctls_progress32	Progress1
2026-08-21 14:44:24	after	67426	Button	42
2026-08-21 14:44:24	after	67440	msctls_progress32	Progress1
2026-08-21 14:44:24	after	67448	Button	43
2026-08-21 14:44:24	after	67462	msctls_progress32	Progress1
2026-08-21 14:44:24	after	67470	Button	44
2026-08-21 14:44:24	after	67484	msctls_progress32	Progress1
2026-08-21 14:44:24	after	67492	Button	45
2026-08-21 14:44:24	after	67506	msctls_progress32	Progress1
2026-08-21 14:44:24	after	67514	Button	46
2026-08-21 14:44:24	after	67528	msctls_progress32	Progress1
2026-08-21 14:44:24	after	67536	Button	47
2026-08-21 14:44:24	after	67550	msctls_progress32	Progress1
2026-08-21 14:44:24	after	67558	Button	48
2026-08-21 14:44:24	after	67572	msctls_progress32	Progress1
2026-08-21 14:44:24	after	67580	Button	49
2026-08-21 14:44:24	after	67594	msctls_progress32	Progress1
2026-08-21 14:44:24	after	67602	Button	50
2026-08-21 14:44:24	after	67616	msctls_progress32	Progress1
2026-08-21 14:44:24	after	67624	Button	51
2026-08-21 14:44:24	after	67638	msctls_progress32	Progress1
2026-08-21 14:44:24	after	67646	Button	52
2026-08-21 14:44:24	after	67660	msctls_progress32	Progress1
2026-08-21 14:44:24	after	67668	Button	53
2026-08-21 14:44:24	after	67682	msctls_progress32	Progress1
2026-08-21 14:44:24	after	67690	Button	54
2026-08-21 14:44:24	after	67704	msctls_progress32	Progress1
2026-08-21 14:44:24	after	67712	Button	55
2026-08-21 14:44:24	after	67726	msctls_progress32	Progress1
2026-08-21 14:44:24	after	67734	Button	56
2026-08-21 14:44:24	after	67748	msctls_progress32	Progress1
2026-08-21 14:44:24	after	67756	Button	57
2026-08-21 14:44:24	after	67770	msctls_progress32	Progress1
2026-08-21 14:44:24	after	67778	Button	58
2026-08-21 14:44:24	after	67792	msctls_progress32	Progress1
2026-08-21 14:44:24	after	67800	Button	59
2026-08-21 14:44:24	after	67814	msctls_progress32	Progress1
2026-08-21 14:44:24	after	67822	Button	60
2026-08-21 14:44:24	after	67836	msctls_progress32	Progress1
2026-08-21 14:44:24	after	67844	Button	61
2026-08-21 14:44:24	after	67858	msctls_progress32	Progress1
2026-08-21 14:44:24	after	67866	Button	62
2026-08-21 14:44:24	after	67880	msctls_progress32	Progress1
2026-08-21 14:44:24	after	67888	Button	63
2026-08-21 14:44:24	after	67902	msctls_progress32	Progress1
2026-08-21 14:44:24	after	67910	Button	64
2026-08-21 14:44:24	after	67924	msctls_progress32	Progress1
2026-08-21 14:44:24	after	67932	Button	65
2026-08-21 14:44:24	after	67946	msctls_progress32	Progress1
2026-08-21 14:44:24	after	67954	Button	66
2026-08-21 14:44:24	after	67968	msctls_progress32	Progress1
2026-08-21 14:44:24	after	67976	Button	67
2026-08-21 14:44:24	after	67990	msctls_progress32	Progress1
2026-08-21 14:44:24	after	67998	Button	68
2026-08-21 14:44:24	after	68012	msctls_progress32	Progress1
2026-08-21 14:44:24	after	68020	Button	69
2026-08-21 14:44:24	after	68034	msctls_progress32	Progress1
2026-08-21 14:44:24	after	68042	Button	70
2026-08-21 14:44:24	after	68056	msctls_progress32	Progress1
2026-08-21 14:44:24	after	68064	Button	71
2026-08-21 14:44:24	after	68078	msctls_progress32	Progress1
2026-08-21 14:44:24	after	68086	Button	72
2026-08-21 14:44:24	after	68100	msctls_progress32	Progress1
2026-08-21 14:44:24	after	68108	Button	73
2026-08-21 14:44:24	after	68122	msctls_progress32	Progress1
2026-08-21 14:44:24	after	68130	Button	74
2026-08-21 14:44:24	after	68144	msctls_progress32	Progress1
2026-08-21 14:44:24	after	68152	Button	75
2026-08-21 14:44:24	after	68166	msctls_progress32	Progress1
2026-08-21 14:44:24	after	68174	Button	76
2026-08-21 14:44:24	after	68188	msctls_progress32	Progress1
2026-08-21 14:44:24	after	68196	Button	77
2026-08-21 14:44:24	after	68210	msctls_progress32	Progress1
2026-08-21 14:44:24	after	68218	Button	78
2026-08-21 14:44:24	after	68232	msctls_progress32	Progress1
2026-08-21 14:44:24	after	68240	Button	79
2026-08-21 14:44:24	after	68254	msctls_progress32	Progress1
2026-08-21 14:44:24	after	68262	Button	80
2026-08-21 14:44:24	after	68276	msctls_progress32	Progress1
2026-08-21 14:44:24	after	68286	Button	All &Start
2026-08-21 14:44:24	after	68288	Button	All S&top
2026-08-21 14:44:24	after	68290	Button	Settings(&M)
2026-08-21 14:44:24	after	68292	Button	&Refresh
2026-08-21 14:44:24	after	68294	Button	&Eject
2026-08-21 14:44:24	after	68296	Button	MP &Log
2026-08-21 14:44:24	after	68298	Button	Default
2026-08-21 14:44:24	after	68300	Button	Auto
2026-08-21 14:44:24	after	68302	Button	Manual
2026-08-21 14:44:24	after	68304	Button	Lock
2026-08-21 14:44:24	after	68306	Button	E2Prom
2026-08-21 14:44:24	after	68308	Button	Chinese
2026-08-21 14:44:24	after	68310	Button	English
2026-08-21 14:44:24	after	68312	Button	Big5
2026-08-21 14:44:24	after	68314	Button	&Exit
2026-08-21 14:44:24	after	68316	Button	Lock Disk
2026-08-21 14:44:24	after	68318	Button	Language
2026-08-21 14:44:24	after	68320	Button	Test
2026-08-21 14:44:24	after	68322	Static	V7200(24-11-20)
2026-08-21 14:44:24	after	68328	Static	Language
2026-08-21 14:44:24	after	68334	Static	Lock Disk
2026-08-21 14:44:24	after	68336	Static	NumberOfPorts
2026-08-21 14:44:24	after	68342	Button	AutoStart
2026-08-21 14:44:24	after	68344	Button	AutoRefresh
2026-08-21 14:44:24	after	0	USB_DISK_INFO	C|LFG118J003676       _00000001.|||NVMe FORESEE P900F128GH|SCSI|SCSI\DISK&VEN_NVME&PROD_FORESEE_P900F128\4&4E4E240&0&030000
2026-08-21 14:46:45	before	197494	Edit	2199ESB
2026-08-21 14:46:45	before	197502	Edit	7
2026-08-21 14:46:45	before	263032	Edit	High scan 1 Scanned Flash Saving param
2026-08-21 14:46:45	before	262806	Edit	07-E, Bin7, 1920M(2091M),CE:1 [A], ID:2C44444BA9
2026-08-21 14:46:45	before	393512	Static	IC Type:
2026-08-21 14:46:45	before	263244	Static	Settings:
2026-08-21 14:46:45	before	852252	Static	Eject Info:
2026-08-21 14:46:45	before	328562	Static	2199EST
2026-08-21 14:46:45	before	525346	Static	Count:
2026-08-21 14:46:45	before	394126	Static	Other
2026-08-21 14:46:45	before	328638	Static	2199S
2026-08-21 14:46:45	before	524568	Static	2199EB
2026-08-21 14:46:45	before	590088	Static	2199ESB
2026-08-21 14:46:45	before	394120	Static	2199ES
2026-08-21 14:46:45	before	459664	Static	2199EE
2026-08-21 14:46:45	before	263080	Button	01-G
2026-08-21 14:46:45	before	394158	msctls_progress32	Bin8, 960M
2026-08-21 14:46:45	before	263172	Edit	Bin8, 960M,CE:1 [A]
2026-08-21 14:46:45	before	590476	Edit	ID:2C44444BA9
2026-08-21 14:46:45	before	590764	Edit	MT29F32G08CBABA
2026-08-21 14:46:45	before	655494	msctls_progress32	S
2026-08-21 14:46:45	before	393884	msctls_progress32	Progress1
2026-08-21 14:46:45	before	1179896	Button	02-F
2026-08-21 14:46:45	before	394176	msctls_progress32	Bin8, 960M
2026-08-21 14:46:45	before	459396	Edit	Bin8, 960M,CE:1 [A]
2026-08-21 14:46:45	before	328634	Edit	ID:2C44444BA9
2026-08-21 14:46:45	before	262600	Edit	MT29F32G08CBABA
2026-08-21 14:46:45	before	197492	msctls_progress32	S
2026-08-21 14:46:45	before	328334	msctls_progress32	Progress1
2026-08-21 14:46:45	before	132086	Button	03-E
2026-08-21 14:46:45	before	132092	msctls_progress32	Bin8, 960M
2026-08-21 14:46:45	before	132094	Edit	Bin8, 960M,CE:1 [A]
2026-08-21 14:46:45	before	132090	Edit	ID:2C44444BA9
2026-08-21 14:46:45	before	132088	Edit	MT29F32G08CBABA
2026-08-21 14:46:45	before	132096	msctls_progress32	S
2026-08-21 14:46:45	before	132084	msctls_progress32	Progress1
2026-08-21 14:46:45	before	132106	Button	04-D
2026-08-21 14:46:45	before	197646	msctls_progress32	Bin8, 960M
2026-08-21 14:46:45	before	197648	Edit	Bin8, 960M,CE:1 [A]
2026-08-21 14:46:45	before	132152	Edit	ID:2C44444BA9
2026-08-21 14:46:45	before	132154	Edit	MT29F32G08CBABA
2026-08-21 14:46:45	before	132156	msctls_progress32	S
2026-08-21 14:46:45	before	197572	msctls_progress32	Progress1
2026-08-21 14:46:45	before	197698	Button	05-J
2026-08-21 14:46:45	before	132166	msctls_progress32	Bin8, 960M
2026-08-21 14:46:45	before	328748	Edit	Bin8, 960M,CE:1 [A]
2026-08-21 14:46:45	before	263210	Edit	ID:2C44444BA9
2026-08-21 14:46:45	before	132104	Edit	MT29F32G08CBABA
2026-08-21 14:46:45	before	132176	msctls_progress32	S
2026-08-21 14:46:45	before	132178	msctls_progress32	Progress1
2026-08-21 14:46:45	before	197652	Button	06
2026-08-21 14:46:45	before	263192	msctls_progress32	Progress1
2026-08-21 14:46:45	before	132192	Button	07-I
2026-08-21 14:46:45	before	132188	msctls_progress32	Bin8, 960M
2026-08-21 14:46:45	before	132186	Edit	Bin8, 960M,CE:1 [A]
2026-08-21 14:46:45	before	66662	Edit	ID:2C44444BA9
2026-08-21 14:46:45	before	66664	Edit	MT29F32G08CBABA
2026-08-21 14:46:45	before	66668	msctls_progress32	S
2026-08-21 14:46:45	before	66670	msctls_progress32	Progress1
2026-08-21 14:46:45	before	66678	Button	08-H
2026-08-21 14:46:45	before	66680	msctls_progress32	Bin8, 960M
2026-08-21 14:46:45	before	66682	Edit	Bin8, 960M,CE:1 [A]
2026-08-21 14:46:45	before	66684	Edit	ID:2C44444BA9
2026-08-21 14:46:45	before	66686	Edit	MT29F32G08CBABA
2026-08-21 14:46:45	before	66690	msctls_progress32	S
2026-08-21 14:46:45	before	66692	msctls_progress32	Progress1
2026-08-21 14:46:45	before	66700	Button	25
2026-08-21 14:46:45	before	66714	msctls_progress32	Progress1
2026-08-21 14:46:45	before	66722	Button	26
2026-08-21 14:46:45	before	66736	msctls_progress32	Progress1
2026-08-21 14:46:45	before	66744	Button	27
2026-08-21 14:46:45	before	66758	msctls_progress32	Progress1
2026-08-21 14:46:45	before	66766	Button	28
2026-08-21 14:46:45	before	66780	msctls_progress32	Progress1
2026-08-21 14:46:45	before	66788	Button	29
2026-08-21 14:46:45	before	66802	msctls_progress32	Progress1
2026-08-21 14:46:45	before	66810	Button	30
2026-08-21 14:46:45	before	66824	msctls_progress32	Progress1
2026-08-21 14:46:45	before	66832	Button	31
2026-08-21 14:46:45	before	66846	msctls_progress32	Progress1
2026-08-21 14:46:45	before	66854	Button	32
2026-08-21 14:46:45	before	66868	msctls_progress32	Progress1
2026-08-21 14:46:45	before	66876	Button	09
2026-08-21 14:46:45	before	66890	msctls_progress32	Progress1
2026-08-21 14:46:45	before	66898	Button	10
2026-08-21 14:46:45	before	66912	msctls_progress32	Progress1
2026-08-21 14:46:45	before	66920	Button	11
2026-08-21 14:46:45	before	66934	msctls_progress32	Progress1
2026-08-21 14:46:45	before	66942	Button	12
2026-08-21 14:46:45	before	66956	msctls_progress32	Progress1
2026-08-21 14:46:45	before	66964	Button	13
2026-08-21 14:46:45	before	66978	msctls_progress32	Progress1
2026-08-21 14:46:45	before	66986	Button	14
2026-08-21 14:46:45	before	67000	msctls_progress32	Progress1
2026-08-21 14:46:45	before	67008	Button	15
2026-08-21 14:46:45	before	67022	msctls_progress32	Progress1
2026-08-21 14:46:45	before	67030	Button	16
2026-08-21 14:46:45	before	67044	msctls_progress32	Progress1
2026-08-21 14:46:45	before	67052	Button	33
2026-08-21 14:46:45	before	67066	msctls_progress32	Progress1
2026-08-21 14:46:45	before	67074	Button	34
2026-08-21 14:46:45	before	67088	msctls_progress32	Progress1
2026-08-21 14:46:45	before	67096	Button	35
2026-08-21 14:46:45	before	67110	msctls_progress32	Progress1
2026-08-21 14:46:45	before	67118	Button	36
2026-08-21 14:46:45	before	67132	msctls_progress32	Progress1
2026-08-21 14:46:45	before	67140	Button	37
2026-08-21 14:46:45	before	67154	msctls_progress32	Progress1
2026-08-21 14:46:45	before	67162	Button	38
2026-08-21 14:46:45	before	67176	msctls_progress32	Progress1
2026-08-21 14:46:45	before	67184	Button	39
2026-08-21 14:46:45	before	67198	msctls_progress32	Progress1
2026-08-21 14:46:45	before	67206	Button	40
2026-08-21 14:46:45	before	67220	msctls_progress32	Progress1
2026-08-21 14:46:45	before	67228	Button	17
2026-08-21 14:46:45	before	67242	msctls_progress32	Progress1
2026-08-21 14:46:45	before	67250	Button	18
2026-08-21 14:46:45	before	67264	msctls_progress32	Progress1
2026-08-21 14:46:45	before	67272	Button	19
2026-08-21 14:46:45	before	67286	msctls_progress32	Progress1
2026-08-21 14:46:45	before	67294	Button	20
2026-08-21 14:46:45	before	67308	msctls_progress32	Progress1
2026-08-21 14:46:45	before	67316	Button	21
2026-08-21 14:46:45	before	67330	msctls_progress32	Progress1
2026-08-21 14:46:45	before	67338	Button	22
2026-08-21 14:46:45	before	67352	msctls_progress32	Progress1
2026-08-21 14:46:45	before	67360	Button	23
2026-08-21 14:46:45	before	67374	msctls_progress32	Progress1
2026-08-21 14:46:45	before	67382	Button	24
2026-08-21 14:46:45	before	67396	msctls_progress32	Progress1
2026-08-21 14:46:45	before	67404	Button	41
2026-08-21 14:46:45	before	67418	msctls_progress32	Progress1
2026-08-21 14:46:45	before	67426	Button	42
2026-08-21 14:46:45	before	67440	msctls_progress32	Progress1
2026-08-21 14:46:45	before	67448	Button	43
2026-08-21 14:46:45	before	67462	msctls_progress32	Progress1
2026-08-21 14:46:45	before	67470	Button	44
2026-08-21 14:46:45	before	67484	msctls_progress32	Progress1
2026-08-21 14:46:45	before	67492	Button	45
2026-08-21 14:46:45	before	67506	msctls_progress32	Progress1
2026-08-21 14:46:45	before	67514	Button	46
2026-08-21 14:46:45	before	67528	msctls_progress32	Progress1
2026-08-21 14:46:45	before	67536	Button	47
2026-08-21 14:46:45	before	67550	msctls_progress32	Progress1
2026-08-21 14:46:45	before	67558	Button	48
2026-08-21 14:46:45	before	67572	msctls_progress32	Progress1
2026-08-21 14:46:45	before	67580	Button	49
2026-08-21 14:46:45	before	67594	msctls_progress32	Progress1
2026-08-21 14:46:45	before	67602	Button	50
2026-08-21 14:46:45	before	67616	msctls_progress32	Progress1
2026-08-21 14:46:45	before	67624	Button	51
2026-08-21 14:46:45	before	67638	msctls_progress32	Progress1
2026-08-21 14:46:45	before	67646	Button	52
2026-08-21 14:46:45	before	67660	msctls_progress32	Progress1
2026-08-21 14:46:45	before	67668	Button	53
2026-08-21 14:46:45	before	67682	msctls_progress32	Progress1
2026-08-21 14:46:45	before	67690	Button	54
2026-08-21 14:46:45	before	67704	msctls_progress32	Progress1
2026-08-21 14:46:45	before	67712	Button	55
2026-08-21 14:46:45	before	67726	msctls_progress32	Progress1
2026-08-21 14:46:45	before	67734	Button	56
2026-08-21 14:46:45	before	67748	msctls_progress32	Progress1
2026-08-21 14:46:45	before	67756	Button	57
2026-08-21 14:46:45	before	67770	msctls_progress32	Progress1
2026-08-21 14:46:45	before	67778	Button	58
2026-08-21 14:46:45	before	67792	msctls_progress32	Progress1
2026-08-21 14:46:45	before	67800	Button	59
2026-08-21 14:46:45	before	67814	msctls_progress32	Progress1
2026-08-21 14:46:45	before	67822	Button	60
2026-08-21 14:46:45	before	67836	msctls_progress32	Progress1
2026-08-21 14:46:45	before	67844	Button	61
2026-08-21 14:46:45	before	67858	msctls_progress32	Progress1
2026-08-21 14:46:45	before	67866	Button	62
2026-08-21 14:46:45	before	67880	msctls_progress32	Progress1
2026-08-21 14:46:45	before	67888	Button	63
2026-08-21 14:46:45	before	67902	msctls_progress32	Progress1
2026-08-21 14:46:45	before	67910	Button	64
2026-08-21 14:46:45	before	67924	msctls_progress32	Progress1
2026-08-21 14:46:45	before	67932	Button	65
2026-08-21 14:46:45	before	67946	msctls_progress32	Progress1
2026-08-21 14:46:45	before	67954	Button	66
2026-08-21 14:46:45	before	67968	msctls_progress32	Progress1
2026-08-21 14:46:45	before	67976	Button	67
2026-08-21 14:46:45	before	67990	msctls_progress32	Progress1
2026-08-21 14:46:45	before	67998	Button	68
2026-08-21 14:46:45	before	68012	msctls_progress32	Progress1
2026-08-21 14:46:45	before	68020	Button	69
2026-08-21 14:46:45	before	68034	msctls_progress32	Progress1
2026-08-21 14:46:45	before	68042	Button	70
2026-08-21 14:46:45	before	68056	msctls_progress32	Progress1
2026-08-21 14:46:45	before	68064	Button	71
2026-08-21 14:46:45	before	68078	msctls_progress32	Progress1
2026-08-21 14:46:45	before	68086	Button	72
2026-08-21 14:46:45	before	68100	msctls_progress32	Progress1
2026-08-21 14:46:45	before	68108	Button	73
2026-08-21 14:46:45	before	68122	msctls_progress32	Progress1
2026-08-21 14:46:45	before	68130	Button	74
2026-08-21 14:46:45	before	68144	msctls_progress32	Progress1
2026-08-21 14:46:45	before	68152	Button	75
2026-08-21 14:46:45	before	68166	msctls_progress32	Progress1
2026-08-21 14:46:45	before	68174	Button	76
2026-08-21 14:46:45	before	68188	msctls_progress32	Progress1
2026-08-21 14:46:45	before	68196	Button	77
2026-08-21 14:46:45	before	68210	msctls_progress32	Progress1
2026-08-21 14:46:45	before	68218	Button	78
2026-08-21 14:46:45	before	68232	msctls_progress32	Progress1
2026-08-21 14:46:45	before	68240	Button	79
2026-08-21 14:46:45	before	68254	msctls_progress32	Progress1
2026-08-21 14:46:45	before	68262	Button	80
2026-08-21 14:46:45	before	68276	msctls_progress32	Progress1
2026-08-21 14:46:45	before	68286	Button	All &Start
2026-08-21 14:46:45	before	68288	Button	All S&top
2026-08-21 14:46:45	before	68290	Button	Settings(&M)
2026-08-21 14:46:45	before	68292	Button	&Refresh
2026-08-21 14:46:45	before	68294	Button	&Eject
2026-08-21 14:46:45	before	68296	Button	MP &Log
2026-08-21 14:46:45	before	68298	Button	Default
2026-08-21 14:46:45	before	68300	Button	Auto
2026-08-21 14:46:45	before	68302	Button	Manual
2026-08-21 14:46:45	before	68304	Button	Lock
2026-08-21 14:46:45	before	68306	Button	E2Prom
2026-08-21 14:46:45	before	68308	Button	Chinese
2026-08-21 14:46:45	before	68310	Button	English
2026-08-21 14:46:45	before	68312	Button	Big5
2026-08-21 14:46:45	before	68314	Button	&Exit
2026-08-21 14:46:45	before	68316	Button	Lock Disk
2026-08-21 14:46:45	before	68318	Button	Language
2026-08-21 14:46:45	before	68320	Button	Test
2026-08-21 14:46:45	before	68322	Static	V7200(24-11-20)
2026-08-21 14:46:45	before	68328	Static	Language
2026-08-21 14:46:45	before	68334	Static	Lock Disk
2026-08-21 14:46:45	before	68336	Static	NumberOfPorts
2026-08-21 14:46:45	before	68342	Button	AutoStart
2026-08-21 14:46:45	before	68344	Button	AutoRefresh
2026-08-21 14:46:45	before	0	USB_DISK_INFO	C|LFG118J003676       _00000001.|||NVMe FORESEE P900F128GH|SCSI|SCSI\DISK&VEN_NVME&PROD_FORESEE_P900F128\4&4E4E240&0&030000
2026-08-21 14:46:45	before	0	USB_DISK_INFO	||||ChipsBnk Flash Disk USB Device|USB|USBSTOR\DISK&VEN_CHIPSBNK&PROD_FLASH_DISK&REV_5.00\8&154FB917&0
2026-08-21 14:46:45	before	0	USB_DISK_INFO	||||ChipsBnk Flash Disk USB Device|USB|USBSTOR\DISK&VEN_CHIPSBNK&PROD_FLASH_DISK&REV_5.00\8&55D3876&0
2026-08-21 14:46:45	before	0	USB_DISK_INFO	||||ChipsBnk Flash Disk USB Device|USB|USBSTOR\DISK&VEN_CHIPSBNK&PROD_FLASH_DISK&REV_5.00\8&16579520&0
2026-08-21 14:46:45	before	0	USB_DISK_INFO	||||ChipsBnk Flash Disk USB Device|USB|USBSTOR\DISK&VEN_CHIPSBNK&PROD_FLASH_DISK&REV_5.00\8&A7A8CCF&0
2026-08-21 14:46:45	before	0	USB_DISK_INFO	||||ChipsBnk Flash Disk USB Device|USB|USBSTOR\DISK&VEN_CHIPSBNK&PROD_FLASH_DISK&REV_5.00\8&3B839C4E&0
2026-08-21 14:46:45	before	0	USB_DISK_INFO	||||ChipsBnk Flash Disk USB Device|USB|USBSTOR\DISK&VEN_CHIPSBNK&PROD_FLASH_DISK&REV_5.00\8&1C5E627E&0
2026-08-21 14:46:45	before	0	USB_DISK_INFO	||||ChipsBnk Flash Disk USB Device|USB|USBSTOR\DISK&VEN_CHIPSBNK&PROD_FLASH_DISK&REV_5.00\8&3B7B07A7&0
2026-08-21 14:47:28	after	197494	Edit	2199ESB
2026-08-21 14:47:28	after	197502	Edit	7
2026-08-21 14:47:28	after	263032	Edit	High scan 1 Scanned Flash Saving param
2026-08-21 14:47:28	after	262806	Edit	07-E, Bin7, 1920M(2091M),CE:1 [A], ID:2C44444BA9
2026-08-21 14:47:28	after	393512	Static	IC Type:
2026-08-21 14:47:28	after	263244	Static	Settings:
2026-08-21 14:47:28	after	852252	Static	Eject Info:
2026-08-21 14:47:28	after	328562	Static	2199EST
2026-08-21 14:47:28	after	525346	Static	Count:
2026-08-21 14:47:28	after	394126	Static	Other
2026-08-21 14:47:28	after	328638	Static	2199S
2026-08-21 14:47:28	after	524568	Static	2199EB
2026-08-21 14:47:28	after	590088	Static	2199ESB
2026-08-21 14:47:28	after	394120	Static	2199ES
2026-08-21 14:47:28	after	459664	Static	2199EE
2026-08-21 14:47:28	after	263080	Button	01-G | 0:0:25
2026-08-21 14:47:28	after	394158	msctls_progress32	Bin7, 1920
2026-08-21 14:47:28	after	263172	Edit	Bin7, 1920M(2097M),CE:1 [A]
2026-08-21 14:47:28	after	590476	Edit	ID:2C44444BA9
2026-08-21 14:47:28	after	590764	Edit	MT29F32G08CBABA
2026-08-21 14:47:28	after	655494	msctls_progress32	S
2026-08-21 14:47:28	after	393884	msctls_progress32	Progress1
2026-08-21 14:47:28	after	1179896	Button	02-F | 0:0:25
2026-08-21 14:47:28	after	394176	msctls_progress32	Bin7, 1920
2026-08-21 14:47:28	after	459396	Edit	Bin7, 1920M(2140M),CE:1 [A]
2026-08-21 14:47:28	after	328634	Edit	ID:2C44444BA9
2026-08-21 14:47:28	after	262600	Edit	MT29F32G08CBABA
2026-08-21 14:47:28	after	197492	msctls_progress32	S
2026-08-21 14:47:28	after	328334	msctls_progress32	Progress1
2026-08-21 14:47:28	after	132086	Button	03-E | 0:0:24
2026-08-21 14:47:28	after	132092	msctls_progress32	Bin7, 1920
2026-08-21 14:47:28	after	132094	Edit	Bin7, 1920M(2138M),CE:1 [A]
2026-08-21 14:47:28	after	132090	Edit	ID:2C44444BA9
2026-08-21 14:47:28	after	132088	Edit	MT29F32G08CBABA
2026-08-21 14:47:28	after	132096	msctls_progress32	S
2026-08-21 14:47:28	after	132084	msctls_progress32	Progress1
2026-08-21 14:47:28	after	132106	Button	04-D | 0:0:25
2026-08-21 14:47:28	after	197646	msctls_progress32	Bin7, 1920
2026-08-21 14:47:28	after	197648	Edit	Bin7, 1920M(2124M),CE:1 [A]
2026-08-21 14:47:28	after	132152	Edit	ID:2C44444BA9
2026-08-21 14:47:28	after	132154	Edit	MT29F32G08CBABA
2026-08-21 14:47:28	after	132156	msctls_progress32	S
2026-08-21 14:47:28	after	197572	msctls_progress32	Progress1
2026-08-21 14:47:28	after	197698	Button	05-J | 0:0:23
2026-08-21 14:47:28	after	132166	msctls_progress32	Bin7, 1920
2026-08-21 14:47:28	after	328748	Edit	Bin7, 1920M(2138M),CE:1 [A]
2026-08-21 14:47:28	after	263210	Edit	ID:2C44444BA9
2026-08-21 14:47:28	after	132104	Edit	MT29F32G08CBABA
2026-08-21 14:47:28	after	132176	msctls_progress32	S
2026-08-21 14:47:28	after	132178	msctls_progress32	Progress1
2026-08-21 14:47:28	after	197652	Button	06
2026-08-21 14:47:28	after	263192	msctls_progress32	Progress1
2026-08-21 14:47:28	after	132192	Button	07-I | 0:0:23
2026-08-21 14:47:28	after	132188	msctls_progress32	Bin7, 1920
2026-08-21 14:47:28	after	132186	Edit	Bin7, 1920M(1992M),CE:1 [A]
2026-08-21 14:47:28	after	66662	Edit	ID:2C44444BA9
2026-08-21 14:47:28	after	66664	Edit	MT29F32G08CBABA
2026-08-21 14:47:28	after	66668	msctls_progress32	S
2026-08-21 14:47:28	after	66670	msctls_progress32	Progress1
2026-08-21 14:47:28	after	66678	Button	08-H | 0:0:23
2026-08-21 14:47:28	after	66680	msctls_progress32	Bin7, 1920
2026-08-21 14:47:28	after	66682	Edit	Bin7, 1920M(2093M),CE:1 [A]
2026-08-21 14:47:28	after	66684	Edit	ID:2C44444BA9
2026-08-21 14:47:28	after	66686	Edit	MT29F32G08CBABA
2026-08-21 14:47:28	after	66690	msctls_progress32	S
2026-08-21 14:47:28	after	66692	msctls_progress32	Progress1
2026-08-21 14:47:28	after	66700	Button	25
2026-08-21 14:47:28	after	66714	msctls_progress32	Progress1
2026-08-21 14:47:28	after	66722	Button	26
2026-08-21 14:47:28	after	66736	msctls_progress32	Progress1
2026-08-21 14:47:28	after	66744	Button	27
2026-08-21 14:47:28	after	66758	msctls_progress32	Progress1
2026-08-21 14:47:28	after	66766	Button	28
2026-08-21 14:47:28	after	66780	msctls_progress32	Progress1
2026-08-21 14:47:28	after	66788	Button	29
2026-08-21 14:47:28	after	66802	msctls_progress32	Progress1
2026-08-21 14:47:28	after	66810	Button	30
2026-08-21 14:47:28	after	66824	msctls_progress32	Progress1
2026-08-21 14:47:28	after	66832	Button	31
2026-08-21 14:47:28	after	66846	msctls_progress32	Progress1
2026-08-21 14:47:28	after	66854	Button	32
2026-08-21 14:47:28	after	66868	msctls_progress32	Progress1
2026-08-21 14:47:28	after	66876	Button	09
2026-08-21 14:47:28	after	66890	msctls_progress32	Progress1
2026-08-21 14:47:28	after	66898	Button	10
2026-08-21 14:47:28	after	66912	msctls_progress32	Progress1
2026-08-21 14:47:28	after	66920	Button	11
2026-08-21 14:47:28	after	66934	msctls_progress32	Progress1
2026-08-21 14:47:28	after	66942	Button	12
2026-08-21 14:47:28	after	66956	msctls_progress32	Progress1
2026-08-21 14:47:28	after	66964	Button	13
2026-08-21 14:47:28	after	66978	msctls_progress32	Progress1
2026-08-21 14:47:28	after	66986	Button	14
2026-08-21 14:47:28	after	67000	msctls_progress32	Progress1
2026-08-21 14:47:28	after	67008	Button	15
2026-08-21 14:47:28	after	67022	msctls_progress32	Progress1
2026-08-21 14:47:28	after	67030	Button	16
2026-08-21 14:47:28	after	67044	msctls_progress32	Progress1
2026-08-21 14:47:28	after	67052	Button	33
2026-08-21 14:47:28	after	67066	msctls_progress32	Progress1
2026-08-21 14:47:28	after	67074	Button	34
2026-08-21 14:47:28	after	67088	msctls_progress32	Progress1
2026-08-21 14:47:28	after	67096	Button	35
2026-08-21 14:47:28	after	67110	msctls_progress32	Progress1
2026-08-21 14:47:28	after	67118	Button	36
2026-08-21 14:47:28	after	67132	msctls_progress32	Progress1
2026-08-21 14:47:28	after	67140	Button	37
2026-08-21 14:47:28	after	67154	msctls_progress32	Progress1
2026-08-21 14:47:28	after	67162	Button	38
2026-08-21 14:47:28	after	67176	msctls_progress32	Progress1
2026-08-21 14:47:28	after	67184	Button	39
2026-08-21 14:47:28	after	67198	msctls_progress32	Progress1
2026-08-21 14:47:28	after	67206	Button	40
2026-08-21 14:47:28	after	67220	msctls_progress32	Progress1
2026-08-21 14:47:28	after	67228	Button	17
2026-08-21 14:47:28	after	67242	msctls_progress32	Progress1
2026-08-21 14:47:28	after	67250	Button	18
2026-08-21 14:47:28	after	67264	msctls_progress32	Progress1
2026-08-21 14:47:28	after	67272	Button	19
2026-08-21 14:47:28	after	67286	msctls_progress32	Progress1
2026-08-21 14:47:28	after	67294	Button	20
2026-08-21 14:47:28	after	67308	msctls_progress32	Progress1
2026-08-21 14:47:28	after	67316	Button	21
2026-08-21 14:47:28	after	67330	msctls_progress32	Progress1
2026-08-21 14:47:28	after	67338	Button	22
2026-08-21 14:47:28	after	67352	msctls_progress32	Progress1
2026-08-21 14:47:28	after	67360	Button	23
2026-08-21 14:47:28	after	67374	msctls_progress32	Progress1
2026-08-21 14:47:28	after	67382	Button	24
2026-08-21 14:47:28	after	67396	msctls_progress32	Progress1
2026-08-21 14:47:28	after	67404	Button	41
2026-08-21 14:47:28	after	67418	msctls_progress32	Progress1
2026-08-21 14:47:28	after	67426	Button	42
2026-08-21 14:47:28	after	67440	msctls_progress32	Progress1
2026-08-21 14:47:28	after	67448	Button	43
2026-08-21 14:47:28	after	67462	msctls_progress32	Progress1
2026-08-21 14:47:28	after	67470	Button	44
2026-08-21 14:47:28	after	67484	msctls_progress32	Progress1
2026-08-21 14:47:28	after	67492	Button	45
2026-08-21 14:47:28	after	67506	msctls_progress32	Progress1
2026-08-21 14:47:28	after	67514	Button	46
2026-08-21 14:47:28	after	67528	msctls_progress32	Progress1
2026-08-21 14:47:28	after	67536	Button	47
2026-08-21 14:47:28	after	67550	msctls_progress32	Progress1
2026-08-21 14:47:28	after	67558	Button	48
2026-08-21 14:47:28	after	67572	msctls_progress32	Progress1
2026-08-21 14:47:28	after	67580	Button	49
2026-08-21 14:47:28	after	67594	msctls_progress32	Progress1
2026-08-21 14:47:28	after	67602	Button	50
2026-08-21 14:47:28	after	67616	msctls_progress32	Progress1
2026-08-21 14:47:28	after	67624	Button	51
2026-08-21 14:47:28	after	67638	msctls_progress32	Progress1
2026-08-21 14:47:28	after	67646	Button	52
2026-08-21 14:47:28	after	67660	msctls_progress32	Progress1
2026-08-21 14:47:28	after	67668	Button	53
2026-08-21 14:47:28	after	67682	msctls_progress32	Progress1
2026-08-21 14:47:28	after	67690	Button	54
2026-08-21 14:47:28	after	67704	msctls_progress32	Progress1
2026-08-21 14:47:28	after	67712	Button	55
2026-08-21 14:47:28	after	67726	msctls_progress32	Progress1
2026-08-21 14:47:28	after	67734	Button	56
2026-08-21 14:47:28	after	67748	msctls_progress32	Progress1
2026-08-21 14:47:28	after	67756	Button	57
2026-08-21 14:47:28	after	67770	msctls_progress32	Progress1
2026-08-21 14:47:28	after	67778	Button	58
2026-08-21 14:47:28	after	67792	msctls_progress32	Progress1
2026-08-21 14:47:28	after	67800	Button	59
2026-08-21 14:47:28	after	67814	msctls_progress32	Progress1
2026-08-21 14:47:28	after	67822	Button	60
2026-08-21 14:47:28	after	67836	msctls_progress32	Progress1
2026-08-21 14:47:28	after	67844	Button	61
2026-08-21 14:47:28	after	67858	msctls_progress32	Progress1
2026-08-21 14:47:28	after	67866	Button	62
2026-08-21 14:47:28	after	67880	msctls_progress32	Progress1
2026-08-21 14:47:28	after	67888	Button	63
2026-08-21 14:47:28	after	67902	msctls_progress32	Progress1
2026-08-21 14:47:28	after	67910	Button	64
2026-08-21 14:47:28	after	67924	msctls_progress32	Progress1
2026-08-21 14:47:28	after	67932	Button	65
2026-08-21 14:47:28	after	67946	msctls_progress32	Progress1
2026-08-21 14:47:28	after	67954	Button	66
2026-08-21 14:47:28	after	67968	msctls_progress32	Progress1
2026-08-21 14:47:28	after	67976	Button	67
2026-08-21 14:47:28	after	67990	msctls_progress32	Progress1
2026-08-21 14:47:28	after	67998	Button	68
2026-08-21 14:47:28	after	68012	msctls_progress32	Progress1
2026-08-21 14:47:28	after	68020	Button	69
2026-08-21 14:47:28	after	68034	msctls_progress32	Progress1
2026-08-21 14:47:28	after	68042	Button	70
2026-08-21 14:47:28	after	68056	msctls_progress32	Progress1
2026-08-21 14:47:28	after	68064	Button	71
2026-08-21 14:47:28	after	68078	msctls_progress32	Progress1
2026-08-21 14:47:28	after	68086	Button	72
2026-08-21 14:47:28	after	68100	msctls_progress32	Progress1
2026-08-21 14:47:28	after	68108	Button	73
2026-08-21 14:47:28	after	68122	msctls_progress32	Progress1
2026-08-21 14:47:28	after	68130	Button	74
2026-08-21 14:47:28	after	68144	msctls_progress32	Progress1
2026-08-21 14:47:28	after	68152	Button	75
2026-08-21 14:47:28	after	68166	msctls_progress32	Progress1
2026-08-21 14:47:28	after	68174	Button	76
2026-08-21 14:47:28	after	68188	msctls_progress32	Progress1
2026-08-21 14:47:28	after	68196	Button	77
2026-08-21 14:47:28	after	68210	msctls_progress32	Progress1
2026-08-21 14:47:28	after	68218	Button	78
2026-08-21 14:47:28	after	68232	msctls_progress32	Progress1
2026-08-21 14:47:28	after	68240	Button	79
2026-08-21 14:47:28	after	68254	msctls_progress32	Progress1
2026-08-21 14:47:28	after	68262	Button	80
2026-08-21 14:47:28	after	68276	msctls_progress32	Progress1
2026-08-21 14:47:28	after	68286	Button	All &Start
2026-08-21 14:47:28	after	68288	Button	All S&top
2026-08-21 14:47:28	after	68290	Button	Settings(&M)
2026-08-21 14:47:28	after	68292	Button	&Refresh
2026-08-21 14:47:28	after	68294	Button	&Eject
2026-08-21 14:47:28	after	68296	Button	MP &Log
2026-08-21 14:47:28	after	68298	Button	Default
2026-08-21 14:47:28	after	68300	Button	Auto
2026-08-21 14:47:28	after	68302	Button	Manual
2026-08-21 14:47:28	after	68304	Button	Lock
2026-08-21 14:47:28	after	68306	Button	E2Prom
2026-08-21 14:47:28	after	68308	Button	Chinese
2026-08-21 14:47:28	after	68310	Button	English
2026-08-21 14:47:28	after	68312	Button	Big5
2026-08-21 14:47:28	after	68314	Button	&Exit
2026-08-21 14:47:28	after	68316	Button	Lock Disk
2026-08-21 14:47:28	after	68318	Button	Language
2026-08-21 14:47:28	after	68320	Button	Test
2026-08-21 14:47:28	after	68322	Static	V7200(24-11-20)
2026-08-21 14:47:28	after	68328	Static	Language
2026-08-21 14:47:28	after	68334	Static	Lock Disk
2026-08-21 14:47:28	after	68336	Static	NumberOfPorts
2026-08-21 14:47:28	after	68342	Button	AutoStart
2026-08-21 14:47:28	after	68344	Button	AutoRefresh
2026-08-21 14:47:28	after	0	USB_DISK_INFO	C|LFG118J003676       _00000001.|||NVMe FORESEE P900F128GH|SCSI|SCSI\DISK&VEN_NVME&PROD_FORESEE_P900F128\4&4E4E240&0&030000
2026-08-21 14:47:28	after	0	USB_DISK_INFO	D||||ChipsBnk Flash Disk USB Device|USB|USBSTOR\DISK&VEN_CHIPSBNK&PROD_FLASH_DISK&REV_5.00\8&154FB917&0
2026-08-21 14:47:28	after	0	USB_DISK_INFO	E||||ChipsBnk Flash Disk USB Device|USB|USBSTOR\DISK&VEN_CHIPSBNK&PROD_FLASH_DISK&REV_5.00\8&55D3876&0
2026-08-21 14:47:28	after	0	USB_DISK_INFO	F||||ChipsBnk Flash Disk USB Device|USB|USBSTOR\DISK&VEN_CHIPSBNK&PROD_FLASH_DISK&REV_5.00\8&16579520&0
2026-08-21 14:47:28	after	0	USB_DISK_INFO	G||||ChipsBnk Flash Disk USB Device|USB|USBSTOR\DISK&VEN_CHIPSBNK&PROD_FLASH_DISK&REV_5.00\8&A7A8CCF&0
2026-08-21 14:47:28	after	0	USB_DISK_INFO	H||||ChipsBnk Flash Disk USB Device|USB|USBSTOR\DISK&VEN_CHIPSBNK&PROD_FLASH_DISK&REV_5.00\8&3B839C4E&0
2026-08-21 14:47:28	after	0	USB_DISK_INFO	I||||ChipsBnk Flash Disk USB Device|USB|USBSTOR\DISK&VEN_CHIPSBNK&PROD_FLASH_DISK&REV_5.00\8&1C5E627E&0
2026-08-21 14:47:28	after	0	USB_DISK_INFO	J||||ChipsBnk Flash Disk USB Device|USB|USBSTOR\DISK&VEN_CHIPSBNK&PROD_FLASH_DISK&REV_5.00\8&3B7B07A7&0
2026-08-21 14:48:48	before	197494	Edit	2199ESB
2026-08-21 14:48:48	before	197502	Edit	7
2026-08-21 14:48:48	before	263032	Edit	High scan 1 Scanned Flash Saving param
2026-08-21 14:48:48	before	262806	Edit	07-I, Bin7, 1920M(1992M),CE:1 [A], ID:2C44444BA9
2026-08-21 14:48:48	before	393512	Static	IC Type:
2026-08-21 14:48:48	before	263244	Static	Settings:
2026-08-21 14:48:48	before	852252	Static	Eject Info:
2026-08-21 14:48:48	before	328562	Static	2199EST
2026-08-21 14:48:48	before	525346	Static	Count:
2026-08-21 14:48:48	before	394126	Static	Other
2026-08-21 14:48:48	before	328638	Static	2199S
2026-08-21 14:48:48	before	524568	Static	2199EB
2026-08-21 14:48:48	before	590088	Static	2199ESB
2026-08-21 14:48:48	before	394120	Static	2199ES
2026-08-21 14:48:48	before	459664	Static	2199EE
2026-08-21 14:48:48	before	263080	Button	01-G
2026-08-21 14:48:48	before	394158	msctls_progress32	Bin8, 960M
2026-08-21 14:48:48	before	263172	Edit	Bin8, 960M,CE:1 [A]
2026-08-21 14:48:48	before	590476	Edit	ID:2C44444BA9
2026-08-21 14:48:48	before	590764	Edit	MT29F32G08CBABA
2026-08-21 14:48:48	before	655494	msctls_progress32	S
2026-08-21 14:48:48	before	393884	msctls_progress32	Progress1
2026-08-21 14:48:48	before	1179896	Button	02-F
2026-08-21 14:48:48	before	394176	msctls_progress32	Bin8, 960M
2026-08-21 14:48:48	before	459396	Edit	Bin8, 960M,CE:1 [A]
2026-08-21 14:48:48	before	328634	Edit	ID:2C44444BA9
2026-08-21 14:48:48	before	262600	Edit	MT29F32G08CBABA
2026-08-21 14:48:48	before	197492	msctls_progress32	S
2026-08-21 14:48:48	before	328334	msctls_progress32	Progress1
2026-08-21 14:48:48	before	132086	Button	03-E
2026-08-21 14:48:48	before	132092	msctls_progress32	Bin8, 960M
2026-08-21 14:48:48	before	132094	Edit	Bin8, 960M,CE:1 [A]
2026-08-21 14:48:48	before	132090	Edit	ID:2C44444BA9
2026-08-21 14:48:48	before	132088	Edit	MT29F32G08CBABA
2026-08-21 14:48:48	before	132096	msctls_progress32	S
2026-08-21 14:48:48	before	132084	msctls_progress32	Progress1
2026-08-21 14:48:48	before	132106	Button	04-D
2026-08-21 14:48:48	before	197646	msctls_progress32	Bin8, 960M
2026-08-21 14:48:48	before	197648	Edit	Bin8, 960M,CE:1 [A]
2026-08-21 14:48:48	before	132152	Edit	ID:2C44444BA9
2026-08-21 14:48:48	before	132154	Edit	MT29F32G08CBABA
2026-08-21 14:48:48	before	132156	msctls_progress32	S
2026-08-21 14:48:48	before	197572	msctls_progress32	Progress1
2026-08-21 14:48:48	before	197698	Button	05-J
2026-08-21 14:48:48	before	132166	msctls_progress32	Bin8, 960M
2026-08-21 14:48:48	before	328748	Edit	Bin8, 960M,CE:1 [A]
2026-08-21 14:48:48	before	263210	Edit	ID:2C44444BA9
2026-08-21 14:48:48	before	132104	Edit	MT29F32G08CBABA
2026-08-21 14:48:48	before	132176	msctls_progress32	S
2026-08-21 14:48:48	before	132178	msctls_progress32	Progress1
2026-08-21 14:48:48	before	197652	Button	06
2026-08-21 14:48:48	before	263192	msctls_progress32	Progress1
2026-08-21 14:48:48	before	132192	Button	07-I
2026-08-21 14:48:48	before	132188	msctls_progress32	Bin8, 960M
2026-08-21 14:48:48	before	132186	Edit	Bin8, 960M,CE:1 [A]
2026-08-21 14:48:48	before	66662	Edit	ID:2C44444BA9
2026-08-21 14:48:48	before	66664	Edit	MT29F32G08CBABA
2026-08-21 14:48:48	before	66668	msctls_progress32	S
2026-08-21 14:48:48	before	66670	msctls_progress32	Progress1
2026-08-21 14:48:48	before	66678	Button	08-H
2026-08-21 14:48:48	before	66680	msctls_progress32	Bin8, 960M
2026-08-21 14:48:48	before	66682	Edit	Bin8, 960M,CE:1 [A]
2026-08-21 14:48:48	before	66684	Edit	ID:2C44444BA9
2026-08-21 14:48:48	before	66686	Edit	MT29F32G08CBABA
2026-08-21 14:48:48	before	66690	msctls_progress32	S
2026-08-21 14:48:48	before	66692	msctls_progress32	Progress1
2026-08-21 14:48:48	before	66700	Button	25
2026-08-21 14:48:48	before	66714	msctls_progress32	Progress1
2026-08-21 14:48:48	before	66722	Button	26
2026-08-21 14:48:48	before	66736	msctls_progress32	Progress1
2026-08-21 14:48:48	before	66744	Button	27
2026-08-21 14:48:48	before	66758	msctls_progress32	Progress1
2026-08-21 14:48:48	before	66766	Button	28
2026-08-21 14:48:48	before	66780	msctls_progress32	Progress1
2026-08-21 14:48:48	before	66788	Button	29
2026-08-21 14:48:48	before	66802	msctls_progress32	Progress1
2026-08-21 14:48:48	before	66810	Button	30
2026-08-21 14:48:48	before	66824	msctls_progress32	Progress1
2026-08-21 14:48:48	before	66832	Button	31
2026-08-21 14:48:48	before	66846	msctls_progress32	Progress1
2026-08-21 14:48:48	before	66854	Button	32
2026-08-21 14:48:48	before	66868	msctls_progress32	Progress1
2026-08-21 14:48:48	before	66876	Button	09
2026-08-21 14:48:48	before	66890	msctls_progress32	Progress1
2026-08-21 14:48:48	before	66898	Button	10
2026-08-21 14:48:48	before	66912	msctls_progress32	Progress1
2026-08-21 14:48:48	before	66920	Button	11
2026-08-21 14:48:48	before	66934	msctls_progress32	Progress1
2026-08-21 14:48:48	before	66942	Button	12
2026-08-21 14:48:48	before	66956	msctls_progress32	Progress1
2026-08-21 14:48:48	before	66964	Button	13
2026-08-21 14:48:48	before	66978	msctls_progress32	Progress1
2026-08-21 14:48:48	before	66986	Button	14
2026-08-21 14:48:48	before	67000	msctls_progress32	Progress1
2026-08-21 14:48:48	before	67008	Button	15
2026-08-21 14:48:48	before	67022	msctls_progress32	Progress1
2026-08-21 14:48:48	before	67030	Button	16
2026-08-21 14:48:48	before	67044	msctls_progress32	Progress1
2026-08-21 14:48:48	before	67052	Button	33
2026-08-21 14:48:48	before	67066	msctls_progress32	Progress1
2026-08-21 14:48:48	before	67074	Button	34
2026-08-21 14:48:48	before	67088	msctls_progress32	Progress1
2026-08-21 14:48:48	before	67096	Button	35
2026-08-21 14:48:48	before	67110	msctls_progress32	Progress1
2026-08-21 14:48:48	before	67118	Button	36
2026-08-21 14:48:48	before	67132	msctls_progress32	Progress1
2026-08-21 14:48:48	before	67140	Button	37
2026-08-21 14:48:48	before	67154	msctls_progress32	Progress1
2026-08-21 14:48:48	before	67162	Button	38
2026-08-21 14:48:48	before	67176	msctls_progress32	Progress1
2026-08-21 14:48:48	before	67184	Button	39
2026-08-21 14:48:48	before	67198	msctls_progress32	Progress1
2026-08-21 14:48:48	before	67206	Button	40
2026-08-21 14:48:48	before	67220	msctls_progress32	Progress1
2026-08-21 14:48:48	before	67228	Button	17
2026-08-21 14:48:48	before	67242	msctls_progress32	Progress1
2026-08-21 14:48:48	before	67250	Button	18
2026-08-21 14:48:48	before	67264	msctls_progress32	Progress1
2026-08-21 14:48:48	before	67272	Button	19
2026-08-21 14:48:48	before	67286	msctls_progress32	Progress1
2026-08-21 14:48:48	before	67294	Button	20
2026-08-21 14:48:48	before	67308	msctls_progress32	Progress1
2026-08-21 14:48:48	before	67316	Button	21
2026-08-21 14:48:48	before	67330	msctls_progress32	Progress1
2026-08-21 14:48:48	before	67338	Button	22
2026-08-21 14:48:48	before	67352	msctls_progress32	Progress1
2026-08-21 14:48:48	before	67360	Button	23
2026-08-21 14:48:48	before	67374	msctls_progress32	Progress1
2026-08-21 14:48:48	before	67382	Button	24
2026-08-21 14:48:48	before	67396	msctls_progress32	Progress1
2026-08-21 14:48:48	before	67404	Button	41
2026-08-21 14:48:48	before	67418	msctls_progress32	Progress1
2026-08-21 14:48:48	before	67426	Button	42
2026-08-21 14:48:48	before	67440	msctls_progress32	Progress1
2026-08-21 14:48:48	before	67448	Button	43
2026-08-21 14:48:48	before	67462	msctls_progress32	Progress1
2026-08-21 14:48:48	before	67470	Button	44
2026-08-21 14:48:48	before	67484	msctls_progress32	Progress1
2026-08-21 14:48:48	before	67492	Button	45
2026-08-21 14:48:48	before	67506	msctls_progress32	Progress1
2026-08-21 14:48:48	before	67514	Button	46
2026-08-21 14:48:48	before	67528	msctls_progress32	Progress1
2026-08-21 14:48:48	before	67536	Button	47
2026-08-21 14:48:48	before	67550	msctls_progress32	Progress1
2026-08-21 14:48:48	before	67558	Button	48
2026-08-21 14:48:48	before	67572	msctls_progress32	Progress1
2026-08-21 14:48:48	before	67580	Button	49
2026-08-21 14:48:48	before	67594	msctls_progress32	Progress1
2026-08-21 14:48:48	before	67602	Button	50
2026-08-21 14:48:48	before	67616	msctls_progress32	Progress1
2026-08-21 14:48:48	before	67624	Button	51
2026-08-21 14:48:48	before	67638	msctls_progress32	Progress1
2026-08-21 14:48:48	before	67646	Button	52
2026-08-21 14:48:48	before	67660	msctls_progress32	Progress1
2026-08-21 14:48:48	before	67668	Button	53
2026-08-21 14:48:48	before	67682	msctls_progress32	Progress1
2026-08-21 14:48:48	before	67690	Button	54
2026-08-21 14:48:48	before	67704	msctls_progress32	Progress1
2026-08-21 14:48:48	before	67712	Button	55
2026-08-21 14:48:48	before	67726	msctls_progress32	Progress1
2026-08-21 14:48:48	before	67734	Button	56
2026-08-21 14:48:48	before	67748	msctls_progress32	Progress1
2026-08-21 14:48:48	before	67756	Button	57
2026-08-21 14:48:48	before	67770	msctls_progress32	Progress1
2026-08-21 14:48:48	before	67778	Button	58
2026-08-21 14:48:48	before	67792	msctls_progress32	Progress1
2026-08-21 14:48:48	before	67800	Button	59
2026-08-21 14:48:48	before	67814	msctls_progress32	Progress1
2026-08-21 14:48:48	before	67822	Button	60
2026-08-21 14:48:48	before	67836	msctls_progress32	Progress1
2026-08-21 14:48:48	before	67844	Button	61
2026-08-21 14:48:48	before	67858	msctls_progress32	Progress1
2026-08-21 14:48:48	before	67866	Button	62
2026-08-21 14:48:48	before	67880	msctls_progress32	Progress1
2026-08-21 14:48:48	before	67888	Button	63
2026-08-21 14:48:48	before	67902	msctls_progress32	Progress1
2026-08-21 14:48:48	before	67910	Button	64
2026-08-21 14:48:48	before	67924	msctls_progress32	Progress1
2026-08-21 14:48:48	before	67932	Button	65
2026-08-21 14:48:48	before	67946	msctls_progress32	Progress1
2026-08-21 14:48:48	before	67954	Button	66
2026-08-21 14:48:48	before	67968	msctls_progress32	Progress1
2026-08-21 14:48:48	before	67976	Button	67
2026-08-21 14:48:48	before	67990	msctls_progress32	Progress1
2026-08-21 14:48:48	before	67998	Button	68
2026-08-21 14:48:48	before	68012	msctls_progress32	Progress1
2026-08-21 14:48:48	before	68020	Button	69
2026-08-21 14:48:48	before	68034	msctls_progress32	Progress1
2026-08-21 14:48:48	before	68042	Button	70
2026-08-21 14:48:48	before	68056	msctls_progress32	Progress1
2026-08-21 14:48:48	before	68064	Button	71
2026-08-21 14:48:48	before	68078	msctls_progress32	Progress1
2026-08-21 14:48:48	before	68086	Button	72
2026-08-21 14:48:48	before	68100	msctls_progress32	Progress1
2026-08-21 14:48:48	before	68108	Button	73
2026-08-21 14:48:48	before	68122	msctls_progress32	Progress1
2026-08-21 14:48:48	before	68130	Button	74
2026-08-21 14:48:48	before	68144	msctls_progress32	Progress1
2026-08-21 14:48:48	before	68152	Button	75
2026-08-21 14:48:48	before	68166	msctls_progress32	Progress1
2026-08-21 14:48:48	before	68174	Button	76
2026-08-21 14:48:48	before	68188	msctls_progress32	Progress1
2026-08-21 14:48:48	before	68196	Button	77
2026-08-21 14:48:48	before	68210	msctls_progress32	Progress1
2026-08-21 14:48:48	before	68218	Button	78
2026-08-21 14:48:48	before	68232	msctls_progress32	Progress1
2026-08-21 14:48:48	before	68240	Button	79
2026-08-21 14:48:48	before	68254	msctls_progress32	Progress1
2026-08-21 14:48:48	before	68262	Button	80
2026-08-21 14:48:48	before	68276	msctls_progress32	Progress1
2026-08-21 14:48:48	before	68286	Button	All &Start
2026-08-21 14:48:48	before	68288	Button	All S&top
2026-08-21 14:48:48	before	68290	Button	Settings(&M)
2026-08-21 14:48:48	before	68292	Button	&Refresh
2026-08-21 14:48:48	before	68294	Button	&Eject
2026-08-21 14:48:48	before	68296	Button	MP &Log
2026-08-21 14:48:48	before	68298	Button	Default
2026-08-21 14:48:48	before	68300	Button	Auto
2026-08-21 14:48:48	before	68302	Button	Manual
2026-08-21 14:48:48	before	68304	Button	Lock
2026-08-21 14:48:48	before	68306	Button	E2Prom
2026-08-21 14:48:48	before	68308	Button	Chinese
2026-08-21 14:48:48	before	68310	Button	English
2026-08-21 14:48:48	before	68312	Button	Big5
2026-08-21 14:48:48	before	68314	Button	&Exit
2026-08-21 14:48:48	before	68316	Button	Lock Disk
2026-08-21 14:48:48	before	68318	Button	Language
2026-08-21 14:48:48	before	68320	Button	Test
2026-08-21 14:48:48	before	68322	Static	V7200(24-11-20)
2026-08-21 14:48:48	before	68328	Static	Language
2026-08-21 14:48:48	before	68334	Static	Lock Disk
2026-08-21 14:48:48	before	68336	Static	NumberOfPorts
2026-08-21 14:48:48	before	68342	Button	AutoStart
2026-08-21 14:48:48	before	68344	Button	AutoRefresh
2026-08-21 14:48:48	before	0	USB_DISK_INFO	C|LFG118J003676       _00000001.|||NVMe FORESEE P900F128GH|SCSI|SCSI\DISK&VEN_NVME&PROD_FORESEE_P900F128\4&4E4E240&0&030000
2026-08-21 14:48:48	before	0	USB_DISK_INFO	||||ChipsBnk Flash Disk USB Device|USB|USBSTOR\DISK&VEN_CHIPSBNK&PROD_FLASH_DISK&REV_5.00\8&1A95BA6F&0
2026-08-21 14:48:48	before	0	USB_DISK_INFO	||||ChipsBnk Flash Disk USB Device|USB|USBSTOR\DISK&VEN_CHIPSBNK&PROD_FLASH_DISK&REV_5.00\8&35ABEB21&0
2026-08-21 14:48:48	before	0	USB_DISK_INFO	||||ChipsBnk Flash Disk USB Device|USB|USBSTOR\DISK&VEN_CHIPSBNK&PROD_FLASH_DISK&REV_5.00\8&37DB314C&0
2026-08-21 14:48:48	before	0	USB_DISK_INFO	||||ChipsBnk Flash Disk USB Device|USB|USBSTOR\DISK&VEN_CHIPSBNK&PROD_FLASH_DISK&REV_5.00\8&39EAFBDE&0
2026-08-21 14:48:48	before	0	USB_DISK_INFO	||||ChipsBnk Flash Disk USB Device|USB|USBSTOR\DISK&VEN_CHIPSBNK&PROD_FLASH_DISK&REV_5.00\8&327D07FB&0
2026-08-21 14:48:48	before	0	USB_DISK_INFO	||||ChipsBnk Flash Disk USB Device|USB|USBSTOR\DISK&VEN_CHIPSBNK&PROD_FLASH_DISK&REV_5.00\8&331A330D&0
2026-08-21 14:48:48	before	0	USB_DISK_INFO	||||ChipsBnk Flash Disk USB Device|USB|USBSTOR\DISK&VEN_CHIPSBNK&PROD_FLASH_DISK&REV_5.00\8&152C7F58&0
2026-08-21 14:49:27	after	197494	Edit	2199ESB
2026-08-21 14:49:27	after	197502	Edit	7
2026-08-21 14:49:27	after	263032	Edit	High scan 1 Scanned Flash Saving param
2026-08-21 14:49:27	after	262806	Edit	07-I, Bin7, 1920M(1992M),CE:1 [A], ID:2C44444BA9
2026-08-21 14:49:27	after	393512	Static	IC Type:
2026-08-21 14:49:27	after	263244	Static	Settings:
2026-08-21 14:49:27	after	852252	Static	Eject Info:
2026-08-21 14:49:27	after	328562	Static	2199EST
2026-08-21 14:49:27	after	525346	Static	Count:
2026-08-21 14:49:27	after	394126	Static	Other
2026-08-21 14:49:27	after	328638	Static	2199S
2026-08-21 14:49:27	after	524568	Static	2199EB
2026-08-21 14:49:27	after	590088	Static	2199ESB
2026-08-21 14:49:27	after	394120	Static	2199ES
2026-08-21 14:49:27	after	459664	Static	2199EE
2026-08-21 14:49:27	after	263080	Button	01-G | 0:0:24
2026-08-21 14:49:27	after	394158	msctls_progress32	Bin7, 1920
2026-08-21 14:49:27	after	263172	Edit	Bin7, 1920M(1936M),CE:1 [A]
2026-08-21 14:49:27	after	590476	Edit	ID:2C44444BA9
2026-08-21 14:49:27	after	590764	Edit	MT29F32G08CBABA
2026-08-21 14:49:27	after	655494	msctls_progress32	S
2026-08-21 14:49:27	after	393884	msctls_progress32	Progress1
2026-08-21 14:49:27	after	1179896	Button	02-F | 0:0:24
2026-08-21 14:49:27	after	394176	msctls_progress32	Bin7, 1920
2026-08-21 14:49:27	after	459396	Edit	Bin7, 1920M(2149M),CE:1 [A]
2026-08-21 14:49:27	after	328634	Edit	ID:2C44444BA9
2026-08-21 14:49:27	after	262600	Edit	MT29F32G08CBABA
2026-08-21 14:49:27	after	197492	msctls_progress32	S
2026-08-21 14:49:27	after	328334	msctls_progress32	Progress1
2026-08-21 14:49:27	after	132086	Button	03-E | 0:0:22
2026-08-21 14:49:27	after	132092	msctls_progress32	Bin7, 1920
2026-08-21 14:49:27	after	132094	Edit	Bin7, 1920M(2147M),CE:1 [A]
2026-08-21 14:49:27	after	132090	Edit	ID:2C44444BA9
2026-08-21 14:49:27	after	132088	Edit	MT29F32G08CBABA
2026-08-21 14:49:27	after	132096	msctls_progress32	S
2026-08-21 14:49:27	after	132084	msctls_progress32	Progress1
2026-08-21 14:49:27	after	132106	Button	04-D | 0:0:22
2026-08-21 14:49:27	after	197646	msctls_progress32	Bin7, 1920
2026-08-21 14:49:27	after	197648	Edit	Bin7, 1920M(1928M),CE:1 [A]
2026-08-21 14:49:27	after	132152	Edit	ID:2C44444BA9
2026-08-21 14:49:27	after	132154	Edit	MT29F32G08CBABA
2026-08-21 14:49:27	after	132156	msctls_progress32	S
2026-08-21 14:49:27	after	197572	msctls_progress32	Progress1
2026-08-21 14:49:27	after	197698	Button	05-J | 0:0:25
2026-08-21 14:49:27	after	132166	msctls_progress32	Bin7, 1920
2026-08-21 14:49:27	after	328748	Edit	Bin7, 1920M(2120M),CE:1 [A]
2026-08-21 14:49:27	after	263210	Edit	ID:2C44444BA9
2026-08-21 14:49:27	after	132104	Edit	MT29F32G08CBABA
2026-08-21 14:49:27	after	132176	msctls_progress32	S
2026-08-21 14:49:27	after	132178	msctls_progress32	Progress1
2026-08-21 14:49:27	after	197652	Button	06
2026-08-21 14:49:27	after	263192	msctls_progress32	Progress1
2026-08-21 14:49:27	after	132192	Button	07-I | 0:0:23
2026-08-21 14:49:27	after	132188	msctls_progress32	Bin7, 1920
2026-08-21 14:49:27	after	132186	Edit	Bin7, 1920M(2140M),CE:1 [A]
2026-08-21 14:49:27	after	66662	Edit	ID:2C44444BA9
2026-08-21 14:49:27	after	66664	Edit	MT29F32G08CBABA
2026-08-21 14:49:27	after	66668	msctls_progress32	S
2026-08-21 14:49:27	after	66670	msctls_progress32	Progress1
2026-08-21 14:49:27	after	66678	Button	08-H | 0:0:23
2026-08-21 14:49:27	after	66680	msctls_progress32	Bin7, 1920
2026-08-21 14:49:27	after	66682	Edit	Bin7, 1920M(2138M),CE:1 [A]
2026-08-21 14:49:27	after	66684	Edit	ID:2C44444BA9
2026-08-21 14:49:27	after	66686	Edit	MT29F32G08CBABA
2026-08-21 14:49:27	after	66690	msctls_progress32	S
2026-08-21 14:49:27	after	66692	msctls_progress32	Progress1
2026-08-21 14:49:27	after	66700	Button	25
2026-08-21 14:49:27	after	66714	msctls_progress32	Progress1
2026-08-21 14:49:27	after	66722	Button	26
2026-08-21 14:49:27	after	66736	msctls_progress32	Progress1
2026-08-21 14:49:27	after	66744	Button	27
2026-08-21 14:49:27	after	66758	msctls_progress32	Progress1
2026-08-21 14:49:27	after	66766	Button	28
2026-08-21 14:49:27	after	66780	msctls_progress32	Progress1
2026-08-21 14:49:27	after	66788	Button	29
2026-08-21 14:49:27	after	66802	msctls_progress32	Progress1
2026-08-21 14:49:27	after	66810	Button	30
2026-08-21 14:49:27	after	66824	msctls_progress32	Progress1
2026-08-21 14:49:27	after	66832	Button	31
2026-08-21 14:49:27	after	66846	msctls_progress32	Progress1
2026-08-21 14:49:27	after	66854	Button	32
2026-08-21 14:49:27	after	66868	msctls_progress32	Progress1
2026-08-21 14:49:27	after	66876	Button	09
2026-08-21 14:49:27	after	66890	msctls_progress32	Progress1
2026-08-21 14:49:27	after	66898	Button	10
2026-08-21 14:49:27	after	66912	msctls_progress32	Progress1
2026-08-21 14:49:27	after	66920	Button	11
2026-08-21 14:49:27	after	66934	msctls_progress32	Progress1
2026-08-21 14:49:27	after	66942	Button	12
2026-08-21 14:49:27	after	66956	msctls_progress32	Progress1
2026-08-21 14:49:27	after	66964	Button	13
2026-08-21 14:49:27	after	66978	msctls_progress32	Progress1
2026-08-21 14:49:27	after	66986	Button	14
2026-08-21 14:49:27	after	67000	msctls_progress32	Progress1
2026-08-21 14:49:27	after	67008	Button	15
2026-08-21 14:49:27	after	67022	msctls_progress32	Progress1
2026-08-21 14:49:27	after	67030	Button	16
2026-08-21 14:49:27	after	67044	msctls_progress32	Progress1
2026-08-21 14:49:27	after	67052	Button	33
2026-08-21 14:49:27	after	67066	msctls_progress32	Progress1
2026-08-21 14:49:27	after	67074	Button	34
2026-08-21 14:49:27	after	67088	msctls_progress32	Progress1
2026-08-21 14:49:27	after	67096	Button	35
2026-08-21 14:49:27	after	67110	msctls_progress32	Progress1
2026-08-21 14:49:27	after	67118	Button	36
2026-08-21 14:49:27	after	67132	msctls_progress32	Progress1
2026-08-21 14:49:27	after	67140	Button	37
2026-08-21 14:49:27	after	67154	msctls_progress32	Progress1
2026-08-21 14:49:27	after	67162	Button	38
2026-08-21 14:49:27	after	67176	msctls_progress32	Progress1
2026-08-21 14:49:27	after	67184	Button	39
2026-08-21 14:49:27	after	67198	msctls_progress32	Progress1
2026-08-21 14:49:27	after	67206	Button	40
2026-08-21 14:49:27	after	67220	msctls_progress32	Progress1
2026-08-21 14:49:27	after	67228	Button	17
2026-08-21 14:49:27	after	67242	msctls_progress32	Progress1
2026-08-21 14:49:27	after	67250	Button	18
2026-08-21 14:49:27	after	67264	msctls_progress32	Progress1
2026-08-21 14:49:27	after	67272	Button	19
2026-08-21 14:49:27	after	67286	msctls_progress32	Progress1
2026-08-21 14:49:27	after	67294	Button	20
2026-08-21 14:49:27	after	67308	msctls_progress32	Progress1
2026-08-21 14:49:27	after	67316	Button	21
2026-08-21 14:49:27	after	67330	msctls_progress32	Progress1
2026-08-21 14:49:27	after	67338	Button	22
2026-08-21 14:49:27	after	67352	msctls_progress32	Progress1
2026-08-21 14:49:27	after	67360	Button	23
2026-08-21 14:49:27	after	67374	msctls_progress32	Progress1
2026-08-21 14:49:27	after	67382	Button	24
2026-08-21 14:49:27	after	67396	msctls_progress32	Progress1
2026-08-21 14:49:27	after	67404	Button	41
2026-08-21 14:49:27	after	67418	msctls_progress32	Progress1
2026-08-21 14:49:27	after	67426	Button	42
2026-08-21 14:49:27	after	67440	msctls_progress32	Progress1
2026-08-21 14:49:27	after	67448	Button	43
2026-08-21 14:49:27	after	67462	msctls_progress32	Progress1
2026-08-21 14:49:27	after	67470	Button	44
2026-08-21 14:49:27	after	67484	msctls_progress32	Progress1
2026-08-21 14:49:27	after	67492	Button	45
2026-08-21 14:49:27	after	67506	msctls_progress32	Progress1
2026-08-21 14:49:27	after	67514	Button	46
2026-08-21 14:49:27	after	67528	msctls_progress32	Progress1
2026-08-21 14:49:27	after	67536	Button	47
2026-08-21 14:49:27	after	67550	msctls_progress32	Progress1
2026-08-21 14:49:27	after	67558	Button	48
2026-08-21 14:49:27	after	67572	msctls_progress32	Progress1
2026-08-21 14:49:27	after	67580	Button	49
2026-08-21 14:49:27	after	67594	msctls_progress32	Progress1
2026-08-21 14:49:27	after	67602	Button	50
2026-08-21 14:49:27	after	67616	msctls_progress32	Progress1
2026-08-21 14:49:27	after	67624	Button	51
2026-08-21 14:49:27	after	67638	msctls_progress32	Progress1
2026-08-21 14:49:27	after	67646	Button	52
2026-08-21 14:49:27	after	67660	msctls_progress32	Progress1
2026-08-21 14:49:27	after	67668	Button	53
2026-08-21 14:49:27	after	67682	msctls_progress32	Progress1
2026-08-21 14:49:27	after	67690	Button	54
2026-08-21 14:49:27	after	67704	msctls_progress32	Progress1
2026-08-21 14:49:27	after	67712	Button	55
2026-08-21 14:49:27	after	67726	msctls_progress32	Progress1
2026-08-21 14:49:27	after	67734	Button	56
2026-08-21 14:49:27	after	67748	msctls_progress32	Progress1
2026-08-21 14:49:27	after	67756	Button	57
2026-08-21 14:49:27	after	67770	msctls_progress32	Progress1
2026-08-21 14:49:27	after	67778	Button	58
2026-08-21 14:49:27	after	67792	msctls_progress32	Progress1
2026-08-21 14:49:27	after	67800	Button	59
2026-08-21 14:49:27	after	67814	msctls_progress32	Progress1
2026-08-21 14:49:27	after	67822	Button	60
2026-08-21 14:49:27	after	67836	msctls_progress32	Progress1
2026-08-21 14:49:27	after	67844	Button	61
2026-08-21 14:49:27	after	67858	msctls_progress32	Progress1
2026-08-21 14:49:27	after	67866	Button	62
2026-08-21 14:49:27	after	67880	msctls_progress32	Progress1
2026-08-21 14:49:27	after	67888	Button	63
2026-08-21 14:49:27	after	67902	msctls_progress32	Progress1
2026-08-21 14:49:27	after	67910	Button	64
2026-08-21 14:49:27	after	67924	msctls_progress32	Progress1
2026-08-21 14:49:27	after	67932	Button	65
2026-08-21 14:49:27	after	67946	msctls_progress32	Progress1
2026-08-21 14:49:27	after	67954	Button	66
2026-08-21 14:49:27	after	67968	msctls_progress32	Progress1
2026-08-21 14:49:27	after	67976	Button	67
2026-08-21 14:49:27	after	67990	msctls_progress32	Progress1
2026-08-21 14:49:27	after	67998	Button	68
2026-08-21 14:49:27	after	68012	msctls_progress32	Progress1
2026-08-21 14:49:27	after	68020	Button	69
2026-08-21 14:49:27	after	68034	msctls_progress32	Progress1
2026-08-21 14:49:27	after	68042	Button	70
2026-08-21 14:49:27	after	68056	msctls_progress32	Progress1
2026-08-21 14:49:27	after	68064	Button	71
2026-08-21 14:49:27	after	68078	msctls_progress32	Progress1
2026-08-21 14:49:27	after	68086	Button	72
2026-08-21 14:49:27	after	68100	msctls_progress32	Progress1
2026-08-21 14:49:27	after	68108	Button	73
2026-08-21 14:49:27	after	68122	msctls_progress32	Progress1
2026-08-21 14:49:27	after	68130	Button	74
2026-08-21 14:49:27	after	68144	msctls_progress32	Progress1
2026-08-21 14:49:27	after	68152	Button	75
2026-08-21 14:49:27	after	68166	msctls_progress32	Progress1
2026-08-21 14:49:27	after	68174	Button	76
2026-08-21 14:49:27	after	68188	msctls_progress32	Progress1
2026-08-21 14:49:27	after	68196	Button	77
2026-08-21 14:49:27	after	68210	msctls_progress32	Progress1
2026-08-21 14:49:27	after	68218	Button	78
2026-08-21 14:49:27	after	68232	msctls_progress32	Progress1
2026-08-21 14:49:27	after	68240	Button	79
2026-08-21 14:49:27	after	68254	msctls_progress32	Progress1
2026-08-21 14:49:27	after	68262	Button	80
2026-08-21 14:49:27	after	68276	msctls_progress32	Progress1
2026-08-21 14:49:27	after	68286	Button	All &Start
2026-08-21 14:49:27	after	68288	Button	All S&top
2026-08-21 14:49:27	after	68290	Button	Settings(&M)
2026-08-21 14:49:27	after	68292	Button	&Refresh
2026-08-21 14:49:27	after	68294	Button	&Eject
2026-08-21 14:49:27	after	68296	Button	MP &Log
2026-08-21 14:49:27	after	68298	Button	Default
2026-08-21 14:49:27	after	68300	Button	Auto
2026-08-21 14:49:27	after	68302	Button	Manual
2026-08-21 14:49:27	after	68304	Button	Lock
2026-08-21 14:49:27	after	68306	Button	E2Prom
2026-08-21 14:49:27	after	68308	Button	Chinese
2026-08-21 14:49:27	after	68310	Button	English
2026-08-21 14:49:27	after	68312	Button	Big5
2026-08-21 14:49:27	after	68314	Button	&Exit
2026-08-21 14:49:27	after	68316	Button	Lock Disk
2026-08-21 14:49:27	after	68318	Button	Language
2026-08-21 14:49:27	after	68320	Button	Test
2026-08-21 14:49:27	after	68322	Static	V7200(24-11-20)
2026-08-21 14:49:27	after	68328	Static	Language
2026-08-21 14:49:27	after	68334	Static	Lock Disk
2026-08-21 14:49:27	after	68336	Static	NumberOfPorts
2026-08-21 14:49:27	after	68342	Button	AutoStart
2026-08-21 14:49:27	after	68344	Button	AutoRefresh
2026-08-21 14:49:27	after	0	USB_DISK_INFO	C|LFG118J003676       _00000001.|||NVMe FORESEE P900F128GH|SCSI|SCSI\DISK&VEN_NVME&PROD_FORESEE_P900F128\4&4E4E240&0&030000
2026-08-21 14:49:27	after	0	USB_DISK_INFO	D||||ChipsBnk Flash Disk USB Device|USB|USBSTOR\DISK&VEN_CHIPSBNK&PROD_FLASH_DISK&REV_5.00\8&1A95BA6F&0
2026-08-21 14:49:27	after	0	USB_DISK_INFO	E||||ChipsBnk Flash Disk USB Device|USB|USBSTOR\DISK&VEN_CHIPSBNK&PROD_FLASH_DISK&REV_5.00\8&35ABEB21&0
2026-08-21 14:49:27	after	0	USB_DISK_INFO	F||||ChipsBnk Flash Disk USB Device|USB|USBSTOR\DISK&VEN_CHIPSBNK&PROD_FLASH_DISK&REV_5.00\8&37DB314C&0
2026-08-21 14:49:27	after	0	USB_DISK_INFO	G||||ChipsBnk Flash Disk USB Device|USB|USBSTOR\DISK&VEN_CHIPSBNK&PROD_FLASH_DISK&REV_5.00\8&39EAFBDE&0
2026-08-21 14:49:27	after	0	USB_DISK_INFO	H||||ChipsBnk Flash Disk USB Device|USB|USBSTOR\DISK&VEN_CHIPSBNK&PROD_FLASH_DISK&REV_5.00\8&327D07FB&0
2026-08-21 14:49:27	after	0	USB_DISK_INFO	I||||ChipsBnk Flash Disk USB Device|USB|USBSTOR\DISK&VEN_CHIPSBNK&PROD_FLASH_DISK&REV_5.00\8&331A330D&0
2026-08-21 14:49:27	after	0	USB_DISK_INFO	J||||ChipsBnk Flash Disk USB Device|USB|USBSTOR\DISK&VEN_CHIPSBNK&PROD_FLASH_DISK&REV_5.00\8&152C7F58&0
